1::1,2::2,3::3,4::4,5::5,6::6,7::7,8::8
,,,,,,,
Bildname,IP-Bildgröße ändern-02, , , , , , 
T = 0,Z = 0, , , , , , 
 , , , , , , , 
Nr.,Werkzeug,Position1[nm],Position2[nm],ΔP2-P1[nm],ΔCh1-T1,ΔT PMT-T1,ΔCh2-T2
 , , , , , , , 
Abstand[nm],Ch1-T1,T PMT-T1,Ch2-T2, , , , 
0.000,0.000,0.000,1.000, , , , 
240.916,1.000,0.000,1.000, , , , 
481.832,1.000,0.000,0.000, , , , 
722.748,1.000,0.000,0.000, , , , 
963.664,1.000,0.000,0.000, , , , 
1204.580,2.000,0.000,0.000, , , , 
1445.496,2.000,0.000,0.000, , , , 
1686.412,1.000,0.000,0.000, , , , 
1927.329,0.000,0.000,0.000, , , , 
2168.245,1.000,0.000,0.000, , , , 
2409.161,1.000,0.000,0.000, , , , 
2650.077,1.000,0.000,0.000, , , , 
2890.993,0.000,0.000,0.000, , , , 
3131.909,1.000,0.000,0.000, , , , 
3372.825,0.000,0.000,0.000, , , , 
3613.741,1.000,0.000,0.000, , , , 
3854.657,0.000,0.000,0.000, , , , 
4095.573,1.000,0.000,0.000, , , , 
4336.489,1.000,0.000,0.000, , , , 
4577.405,1.000,0.000,0.000, , , , 
4818.321,1.000,0.000,0.000, , , , 
5059.237,1.000,0.000,0.000, , , , 
5300.153,0.000,0.000,0.000, , , , 
5541.070,1.000,0.000,0.000, , , , 
5781.986,2.000,0.000,0.000, , , , 
6022.902,0.000,0.000,0.000, , , , 
6263.818,1.000,0.000,0.000, , , , 
6504.734,4.000,0.000,1.000, , , , 
6745.650,2.000,0.000,1.000, , , , 
6986.566,1.000,0.000,0.000, , , , 
7227.482,0.000,0.000,1.000, , , , 
7468.398,0.000,0.000,1.000, , , , 
7709.314,0.000,0.000,1.000, , , , 
7950.230,0.000,0.000,0.000, , , , 
8191.146,1.000,0.000,0.000, , , , 
8432.062,0.000,0.000,0.000, , , , 
8672.978,1.000,0.000,0.000, , , , 
8913.894,1.000,0.000,1.000, , , , 
9154.811,1.000,0.000,1.000, , , , 
9395.727,1.000,0.000,0.000, , , , 
9636.643,1.000,0.000,0.000, , , , 
9877.559,1.000,0.000,0.000, , , , 
10118.475,1.000,0.000,0.000, , , , 
10359.391,1.000,0.000,1.000, , , , 
10600.307,4.000,0.000,1.000, , , , 
10841.223,0.000,0.000,0.000, , , , 
11082.139,1.000,0.000,0.000, , , , 
11323.055,1.000,0.000,0.000, , , , 
11563.971,1.000,0.000,0.000, , , , 
11804.887,1.000,0.000,0.000, , , , 
12045.803,1.000,0.000,0.000, , , , 
12286.719,0.000,0.000,0.000, , , , 
12527.636,1.000,0.000,0.000, , , , 
12768.552,1.000,0.000,1.000, , , , 
13009.468,1.000,0.000,1.000, , , , 
13250.384,2.000,0.000,1.000, , , , 
13491.300,2.000,0.000,1.000, , , , 
13732.216,2.000,0.000,0.000, , , , 
13973.132,1.000,0.000,0.000, , , , 
14214.048,0.000,0.000,0.000, , , , 
14454.964,1.000,0.000,0.000, , , , 
14695.880,1.000,0.000,1.000, , , , 
14936.796,1.000,0.000,0.000, , , , 
15177.712,1.000,0.000,1.000, , , , 
15418.628,1.000,0.000,1.000, , , , 
15659.544,3.000,0.000,0.000, , , , 
15900.460,1.000,0.000,1.000, , , , 
16141.377,0.000,0.000,1.000, , , , 
16382.293,1.000,0.000,1.000, , , , 
16623.209,1.000,0.000,0.000, , , , 
16864.125,1.000,0.000,1.000, , , , 
17105.041,3.000,0.000,1.000, , , , 
17345.957,1.000,0.000,0.000, , , , 
17586.873,0.000,0.000,0.000, , , , 
17827.789,2.000,0.000,0.000, , , , 
18068.705,1.000,0.000,1.000, , , , 
18309.621,1.000,0.000,1.000, , , , 
18550.537,1.000,0.000,1.000, , , , 
18791.453,1.000,0.000,1.000, , , , 
19032.369,1.000,0.000,1.000, , , , 
19273.285,2.000,0.000,1.000, , , , 
19514.201,4.000,0.000,1.000, , , , 
19755.118,1.000,0.000,1.000, , , , 
19996.034,1.000,0.000,1.000, , , , 
20236.950,0.000,0.000,1.000, , , , 
20477.866,2.000,0.000,1.000, , , , 
20718.782,1.000,0.000,1.000, , , , 
20959.698,0.000,0.000,1.000, , , , 
21200.614,0.000,0.000,1.000, , , , 
21441.530,1.000,0.000,1.000, , , , 
21682.446,1.000,0.000,0.000, , , , 
21923.362,0.000,0.000,0.000, , , , 
22164.278,0.000,0.000,1.000, , , , 
22405.194,1.000,0.000,1.000, , , , 
22646.110,2.000,0.000,0.000, , , , 
22887.026,2.000,0.000,1.000, , , , 
23127.942,3.000,0.000,1.000, , , , 
23368.859,0.000,0.000,2.000, , , , 
23609.775,0.000,0.000,1.000, , , , 
23850.691,2.000,0.000,2.000, , , , 
24091.607,0.000,0.000,2.000, , , , 
24332.523,1.000,0.000,1.000, , , , 
24573.439,2.000,0.000,1.000, , , , 
24814.355,1.000,0.000,1.000, , , , 
25055.271,0.000,0.000,1.000, , , , 
25296.187,0.000,0.000,1.000, , , , 
25537.103,0.000,0.000,1.000, , , , 
25778.019,1.000,0.000,2.000, , , , 
26018.935,1.000,0.000,1.000, , , , 
26259.851,1.000,0.000,1.000, , , , 
26500.767,2.000,0.000,1.000, , , , 
26741.683,2.000,0.000,2.000, , , , 
26982.600,3.000,0.000,2.000, , , , 
27223.516,1.000,0.000,1.000, , , , 
27464.432,1.000,0.000,2.000, , , , 
27705.348,1.000,0.000,1.000, , , , 
27946.264,3.000,0.000,2.000, , , , 
28187.180,1.000,0.000,3.000, , , , 
28428.096,1.000,0.000,2.000, , , , 
28669.012,1.000,0.000,2.000, , , , 
28909.928,1.000,0.000,2.000, , , , 
29150.844,0.000,0.000,2.000, , , , 
29391.760,4.000,0.000,4.000, , , , 
29632.676,2.000,0.000,5.000, , , , 
29873.592,1.000,0.000,4.000, , , , 
30114.508,1.000,0.000,5.000, , , , 
30355.425,1.000,0.000,4.000, , , , 
30596.341,1.000,0.000,4.000, , , , 
30837.257,1.000,0.000,6.000, , , , 
31078.173,1.000,0.000,7.000, , , , 
31319.089,0.000,0.000,7.000, , , , 
31560.005,1.000,0.000,9.000, , , , 
31800.921,0.000,0.000,7.000, , , , 
32041.837,1.000,0.000,9.000, , , , 
32282.753,1.000,0.000,9.000, , , , 
32523.669,1.000,0.000,8.000, , , , 
32764.585,0.000,0.000,10.000, , , , 
33005.501,0.000,0.000,11.000, , , , 
33246.417,0.000,0.000,13.000, , , , 
33487.333,2.000,0.000,12.000, , , , 
33728.249,4.000,0.000,16.000, , , , 
33969.166,3.000,0.000,17.000, , , , 
34210.082,3.000,0.000,17.000, , , , 
34450.998,6.000,0.000,18.000, , , , 
34691.914,6.000,0.000,23.000, , , , 
34932.830,4.000,0.000,22.000, , , , 
35173.746,4.000,0.000,24.000, , , , 
35414.662,6.000,0.000,28.000, , , , 
35655.578,11.000,0.000,28.000, , , , 
35896.494,12.000,0.000,30.000, , , , 
36137.410,13.000,0.000,34.000, , , , 
36378.326,19.000,0.000,42.000, , , , 
36619.242,44.000,0.000,57.000, , , , 
36860.158,69.000,0.000,79.000, , , , 
37101.074,86.000,0.000,97.000, , , , 
37341.990,99.000,0.000,128.000, , , , 
37582.907,133.000,0.000,151.000, , , , 
37823.823,142.000,0.000,161.000, , , , 
38064.739,147.000,0.000,193.000, , , , 
38305.655,141.000,0.000,206.000, , , , 
38546.571,175.000,0.000,209.000, , , , 
38787.487,164.000,0.000,227.000, , , , 
39028.403,170.000,0.000,239.000, , , , 
39269.319,181.000,0.000,235.000, , , , 
39510.235,205.000,0.000,255.000, , , , 
39751.151,205.000,0.000,255.000, , , , 
39992.067,189.000,0.000,255.000, , , , 
40232.983,192.000,0.000,255.000, , , , 
40473.899,177.000,0.000,252.000, , , , 
40714.815,145.000,0.000,243.000, , , , 
40955.731,96.000,0.000,230.000, , , , 
41196.648,82.000,0.000,215.000, , , , 
41437.564,74.000,0.000,191.000, , , , 
41678.480,77.000,0.000,194.000, , , , 
41919.396,80.000,0.000,186.000, , , , 
42160.312,106.000,0.000,177.000, , , , 
42401.228,111.000,0.000,175.000, , , , 
42642.144,107.000,0.000,178.000, , , , 
42883.060,119.000,0.000,200.000, , , , 
43123.976,135.000,0.000,197.000, , , , 
43364.892,185.000,0.000,180.000, , , , 
43605.808,173.000,0.000,188.000, , , , 
43846.724,175.000,0.000,186.000, , , , 
44087.640,169.000,0.000,173.000, , , , 
44328.556,170.000,0.000,188.000, , , , 
44569.472,166.000,0.000,177.000, , , , 
44810.389,181.000,0.000,181.000, , , , 
45051.305,174.000,0.000,172.000, , , , 
45292.221,207.000,0.000,169.000, , , , 
45533.137,230.000,0.000,158.000, , , , 
45774.053,212.000,0.000,141.000, , , , 
46014.969,203.000,0.000,151.000, , , , 
46255.885,182.000,0.000,143.000, , , , 
46496.801,182.000,0.000,138.000, , , , 
46737.717,185.000,0.000,142.000, , , , 
46978.633,141.000,0.000,129.000, , , , 
47219.549,148.000,0.000,128.000, , , , 
47460.465,164.000,0.000,130.000, , , , 
47701.381,167.000,0.000,132.000, , , , 
47942.297,157.000,0.000,135.000, , , , 
48183.214,206.000,0.000,121.000, , , , 
48424.130,216.000,0.000,121.000, , , , 
48665.046,224.000,0.000,115.000, , , , 
48905.962,244.000,0.000,110.000, , , , 
49146.878,236.000,0.000,126.000, , , , 
49387.794,242.000,0.000,124.000, , , , 
49628.710,236.000,0.000,113.000, , , , 
49869.626,219.000,0.000,118.000, , , , 
50110.542,213.000,0.000,106.000, , , , 
50351.458,218.000,0.000,103.000, , , , 
50592.374,176.000,0.000,107.000, , , , 
50833.290,171.000,0.000,92.000, , , , 
51074.206,171.000,0.000,80.000, , , , 
51315.122,192.000,0.000,75.000, , , , 
51556.038,166.000,0.000,78.000, , , , 
51796.955,165.000,0.000,73.000, , , , 
52037.871,102.000,0.000,69.000, , , , 
52278.787,97.000,0.000,68.000, , , , 
52519.703,91.000,0.000,68.000, , , , 
52760.619,103.000,0.000,73.000, , , , 
53001.535,96.000,0.000,81.000, , , , 
53242.451,127.000,0.000,86.000, , , , 
53483.367,148.000,0.000,82.000, , , , 
53724.283,153.000,0.000,87.000, , , , 
53965.199,164.000,0.000,98.000, , , , 
54206.115,168.000,0.000,105.000, , , , 
54447.031,155.000,0.000,106.000, , , , 
54687.947,156.000,0.000,100.000, , , , 
54928.863,129.000,0.000,83.000, , , , 
55169.779,118.000,0.000,86.000, , , , 
55410.696,121.000,0.000,96.000, , , , 
55651.612,127.000,0.000,100.000, , , , 
55892.528,123.000,0.000,97.000, , , , 
56133.444,74.000,0.000,86.000, , , , 
56374.360,47.000,0.000,71.000, , , , 
56615.276,35.000,0.000,52.000, , , , 
56856.192,30.000,0.000,41.000, , , , 
57097.108,30.000,0.000,41.000, , , , 
57338.024,19.000,0.000,34.000, , , , 
57578.940,15.000,0.000,34.000, , , , 
57819.856,18.000,0.000,30.000, , , , 
58060.772,16.000,0.000,27.000, , , , 
58301.688,17.000,0.000,27.000, , , , 
58542.604,25.000,0.000,26.000, , , , 
58783.520,28.000,0.000,26.000, , , , 
59024.437,43.000,0.000,20.000, , , , 
59265.353,49.000,0.000,17.000, , , , 
59506.269,57.000,0.000,17.000, , , , 
59747.185,63.000,0.000,18.000, , , , 
59988.101,104.000,0.000,17.000, , , , 
60229.017,111.000,0.000,15.000, , , , 
60469.933,106.000,0.000,17.000, , , , 
60710.849,101.000,0.000,17.000, , , , 
60951.765,89.000,0.000,16.000, , , , 
61192.681,90.000,0.000,14.000, , , , 
61433.597,98.000,0.000,14.000, , , , 
61674.513,103.000,0.000,17.000, , , , 
61915.429,76.000,0.000,17.000, , , , 
62156.345,72.000,0.000,13.000, , , , 
62397.261,78.000,0.000,12.000, , , , 
62638.178,76.000,0.000,15.000, , , , 
62879.094,86.000,0.000,18.000, , , , 
63120.010,71.000,0.000,18.000, , , , 
63360.926,80.000,0.000,20.000, , , , 
63601.842,75.000,0.000,22.000, , , , 
63842.758,57.000,0.000,24.000, , , , 
64083.674,58.000,0.000,22.000, , , , 
64324.590,49.000,0.000,30.000, , , , 
64565.506,44.000,0.000,39.000, , , , 
64806.422,32.000,0.000,33.000, , , , 
65047.338,36.000,0.000,38.000, , , , 
65288.254,32.000,0.000,50.000, , , , 
65529.170,37.000,0.000,50.000, , , , 
65770.086,52.000,0.000,59.000, , , , 
66011.003,76.000,0.000,78.000, , , , 
66251.919,106.000,0.000,91.000, , , , 
66492.835,98.000,0.000,85.000, , , , 
66733.751,89.000,0.000,87.000, , , , 
66974.667,80.000,0.000,94.000, , , , 
67215.583,81.000,0.000,97.000, , , , 
67456.499,80.000,0.000,95.000, , , , 
67697.415,91.000,0.000,101.000, , , , 
67938.331,79.000,0.000,97.000, , , , 
68179.247,82.000,0.000,99.000, , , , 
68420.163,78.000,0.000,105.000, , , , 
68661.079,80.000,0.000,88.000, , , , 
68901.995,67.000,0.000,94.000, , , , 
69142.911,91.000,0.000,88.000, , , , 
69383.827,115.000,0.000,84.000, , , , 
69624.744,144.000,0.000,67.000, , , , 
69865.660,156.000,0.000,60.000, , , , 
70106.576,155.000,0.000,60.000, , , , 
70347.492,179.000,0.000,59.000, , , , 
70588.408,208.000,0.000,57.000, , , , 
70829.324,180.000,0.000,59.000, , , , 
71070.240,179.000,0.000,58.000, , , , 
71311.156,191.000,0.000,64.000, , , , 
71552.072,200.000,0.000,63.000, , , , 
71792.988,212.000,0.000,58.000, , , , 
72033.904,220.000,0.000,64.000, , , , 
72274.820,186.000,0.000,62.000, , , , 
72515.736,142.000,0.000,57.000, , , , 
72756.652,153.000,0.000,61.000, , , , 
72997.568,138.000,0.000,64.000, , , , 
73238.485,127.000,0.000,61.000, , , , 
73479.401,149.000,0.000,45.000, , , , 
73720.317,141.000,0.000,50.000, , , , 
73961.233,125.000,0.000,51.000, , , , 
74202.149,117.000,0.000,50.000, , , , 
74443.065,116.000,0.000,50.000, , , , 
74683.981,141.000,0.000,45.000, , , , 
74924.897,175.000,0.000,45.000, , , , 
75165.813,188.000,0.000,42.000, , , , 
75406.729,160.000,0.000,47.000, , , , 
75647.645,178.000,0.000,50.000, , , , 
75888.561,192.000,0.000,43.000, , , , 
76129.477,176.000,0.000,38.000, , , , 
76370.393,205.000,0.000,31.000, , , , 
76611.309,224.000,0.000,33.000, , , , 
76852.226,231.000,0.000,32.000, , , , 
77093.142,186.000,0.000,29.000, , , , 
77334.058,134.000,0.000,22.000, , , , 
77574.974,121.000,0.000,16.000, , , , 
77815.890,109.000,0.000,17.000, , , , 
78056.806,101.000,0.000,17.000, , , , 
78297.722,108.000,0.000,14.000, , , , 
78538.638,140.000,0.000,11.000, , , , 
78779.554,133.000,0.000,11.000, , , , 
79020.470,127.000,0.000,11.000, , , , 
79261.386,158.000,0.000,13.000, , , , 
79502.302,194.000,0.000,12.000, , , , 
79743.218,169.000,0.000,12.000, , , , 
79984.134,147.000,0.000,12.000, , , , 
80225.050,148.000,0.000,12.000, , , , 
80465.967,129.000,0.000,12.000, , , , 
80706.883,142.000,0.000,13.000, , , , 
80947.799,140.000,0.000,13.000, , , , 
81188.715,134.000,0.000,12.000, , , , 
81429.631,127.000,0.000,10.000, , , , 
81670.547,139.000,0.000,9.000, , , , 
81911.463,97.000,0.000,9.000, , , , 
82152.379,48.000,0.000,10.000, , , , 
82393.295,48.000,0.000,11.000, , , , 
82634.211,44.000,0.000,14.000, , , , 
82875.127,59.000,0.000,14.000, , , , 
83116.043,73.000,0.000,14.000, , , , 
83356.959,86.000,0.000,12.000, , , , 
83597.875,105.000,0.000,13.000, , , , 
83838.792,97.000,0.000,10.000, , , , 
84079.708,105.000,0.000,11.000, , , , 
84320.624,139.000,0.000,11.000, , , , 
84561.540,148.000,0.000,12.000, , , , 
84802.456,209.000,0.000,12.000, , , , 
85043.372,223.000,0.000,11.000, , , , 
85284.288,239.000,0.000,10.000, , , , 
85525.204,207.000,0.000,15.000, , , , 
85766.120,181.000,0.000,13.000, , , , 
86007.036,160.000,0.000,10.000, , , , 
86247.952,172.000,0.000,12.000, , , , 
86488.868,157.000,0.000,12.000, , , , 
86729.784,146.000,0.000,11.000, , , , 
86970.700,142.000,0.000,11.000, , , , 
87211.616,120.000,0.000,10.000, , , , 
87452.533,114.000,0.000,11.000, , , , 
87693.449,104.000,0.000,11.000, , , , 
87934.365,78.000,0.000,10.000, , , , 
88175.281,58.000,0.000,13.000, , , , 
88416.197,56.000,0.000,13.000, , , , 
88657.113,42.000,0.000,12.000, , , , 
88898.029,41.000,0.000,15.000, , , , 
89138.945,48.000,0.000,18.000, , , , 
89379.861,103.000,0.000,26.000, , , , 
89620.777,173.000,0.000,42.000, , , , 
89861.693,221.000,0.000,51.000, , , , 
90102.609,228.000,0.000,71.000, , , , 
90343.525,223.000,0.000,78.000, , , , 
90584.441,223.000,0.000,87.000, , , , 
90825.357,242.000,0.000,100.000, , , , 
91066.274,226.000,0.000,98.000, , , , 
91307.190,223.000,0.000,98.000, , , , 
91548.106,220.000,0.000,101.000, , , , 
91789.022,206.000,0.000,100.000, , , , 
92029.938,155.000,0.000,83.000, , , , 
92270.854,111.000,0.000,63.000, , , , 
92511.770,124.000,0.000,42.000, , , , 
92752.686,114.000,0.000,35.000, , , , 
92993.602,97.000,0.000,23.000, , , , 
93234.518,112.000,0.000,18.000, , , , 
93475.434,138.000,0.000,19.000, , , , 
93716.350,155.000,0.000,15.000, , , , 
93957.266,172.000,0.000,14.000, , , , 
94198.182,197.000,0.000,12.000, , , , 
94439.098,187.000,0.000,15.000, , , , 
94680.015,196.000,0.000,13.000, , , , 
94920.931,196.000,0.000,13.000, , , , 
95161.847,196.000,0.000,13.000, , , , 
95402.763,176.000,0.000,10.000, , , , 
95643.679,159.000,0.000,12.000, , , , 
95884.595,147.000,0.000,11.000, , , , 
96125.511,117.000,0.000,11.000, , , , 
96366.427,103.000,0.000,14.000, , , , 
96607.343,86.000,0.000,16.000, , , , 
96848.259,83.000,0.000,12.000, , , , 
97089.175,67.000,0.000,12.000, , , , 
97330.091,56.000,0.000,14.000, , , , 
97571.007,50.000,0.000,15.000, , , , 
97811.923,52.000,0.000,13.000, , , , 
98052.839,39.000,0.000,7.000, , , , 
98293.756,28.000,0.000,6.000, , , , 
98534.672,33.000,0.000,7.000, , , , 
98775.588,35.000,0.000,8.000, , , , 
99016.504,36.000,0.000,10.000, , , , 
99257.420,30.000,0.000,9.000, , , , 
99498.336,26.000,0.000,8.000, , , , 
99739.252,18.000,0.000,9.000, , , , 
99980.168,14.000,0.000,9.000, , , , 
100221.084,31.000,0.000,7.000, , , , 
100462.000,23.000,0.000,8.000, , , , 
100702.916,25.000,0.000,11.000, , , , 
100943.832,26.000,0.000,13.000, , , , 
101184.748,32.000,0.000,8.000, , , , 
101425.664,19.000,0.000,10.000, , , , 
101666.581,21.000,0.000,11.000, , , , 
101907.497,17.000,0.000,8.000, , , , 
102148.413,46.000,0.000,6.000, , , , 
102389.329,101.000,0.000,7.000, , , , 
102630.245,133.000,0.000,7.000, , , , 
102871.161,141.000,0.000,7.000, , , , 
103112.077,139.000,0.000,5.000, , , , 
103352.993,134.000,0.000,7.000, , , , 
103593.909,107.000,0.000,5.000, , , , 
103834.825,70.000,0.000,5.000, , , , 
104075.741,55.000,0.000,5.000, , , , 
104316.657,61.000,0.000,5.000, , , , 
104557.573,54.000,0.000,4.000, , , , 
104798.489,58.000,0.000,3.000, , , , 
105039.405,66.000,0.000,4.000, , , , 
105280.322,45.000,0.000,5.000, , , , 
105521.238,49.000,0.000,7.000, , , , 
105762.154,60.000,0.000,4.000, , , , 
106003.070,66.000,0.000,6.000, , , , 
106243.986,57.000,0.000,6.000, , , , 
106484.902,45.000,0.000,8.000, , , , 
106725.818,44.000,0.000,5.000, , , , 
106966.734,60.000,0.000,3.000, , , , 
107207.650,55.000,0.000,4.000, , , , 
107448.566,57.000,0.000,3.000, , , , 
107689.482,63.000,0.000,2.000, , , , 
107930.398,101.000,0.000,2.000, , , , 
108171.314,122.000,0.000,3.000, , , , 
108412.230,106.000,0.000,3.000, , , , 
108653.146,111.000,0.000,3.000, , , , 
108894.063,110.000,0.000,3.000, , , , 
109134.979,110.000,0.000,4.000, , , , 
109375.895,96.000,0.000,4.000, , , , 
109616.811,98.000,0.000,4.000, , , , 
109857.727,90.000,0.000,3.000, , , , 
110098.643,82.000,0.000,3.000, , , , 
110339.559,103.000,0.000,4.000, , , , 
110580.475,115.000,0.000,4.000, , , , 
110821.391,102.000,0.000,1.000, , , , 
111062.307,123.000,0.000,3.000, , , , 
111303.223,106.000,0.000,3.000, , , , 
111544.139,99.000,0.000,3.000, , , , 
111785.055,83.000,0.000,3.000, , , , 
112025.971,55.000,0.000,3.000, , , , 
112266.887,53.000,0.000,3.000, , , , 
112507.804,131.000,0.000,2.000, , , , 
112748.720,178.000,0.000,2.000, , , , 
112989.636,177.000,0.000,2.000, , , , 
113230.552,211.000,0.000,1.000, , , , 
113471.468,215.000,0.000,3.000, , , , 
113712.384,196.000,0.000,3.000, , , , 
113953.300,176.000,0.000,4.000, , , , 
114194.216,180.000,0.000,3.000, , , , 
114435.132,155.000,0.000,3.000, , , , 
114676.048,137.000,0.000,3.000, , , , 
114916.964,101.000,0.000,2.000, , , , 
115157.880,62.000,0.000,3.000, , , , 
115398.796,35.000,0.000,2.000, , , , 
115639.712,24.000,0.000,3.000, , , , 
115880.628,24.000,0.000,2.000, , , , 
116121.545,45.000,0.000,3.000, , , , 
116362.461,92.000,0.000,4.000, , , , 
116603.377,114.000,0.000,2.000, , , , 
116844.293,130.000,0.000,2.000, , , , 
117085.209,127.000,0.000,2.000, , , , 
117326.125,140.000,0.000,2.000, , , , 
117567.041,138.000,0.000,3.000, , , , 
117807.957,129.000,0.000,3.000, , , , 
118048.873,117.000,0.000,2.000, , , , 
118289.789,107.000,0.000,3.000, , , , 
118530.705,127.000,0.000,3.000, , , , 
118771.621,148.000,0.000,3.000, , , , 
119012.537,163.000,0.000,3.000, , , , 
119253.453,139.000,0.000,4.000, , , , 
119494.370,135.000,0.000,4.000, , , , 
119735.286,160.000,0.000,4.000, , , , 
119976.202,164.000,0.000,3.000, , , , 
120217.118,173.000,0.000,3.000, , , , 
120458.034,147.000,0.000,3.000, , , , 
120698.950,146.000,0.000,3.000, , , , 
120939.866,187.000,0.000,5.000, , , , 
121180.782,169.000,0.000,3.000, , , , 
121421.698,170.000,0.000,3.000, , , , 
121662.614,189.000,0.000,5.000, , , , 
121903.530,182.000,0.000,4.000, , , , 
122144.446,209.000,0.000,4.000, , , , 
122385.362,222.000,0.000,5.000, , , , 
122626.278,193.000,0.000,5.000, , , , 
122867.194,174.000,0.000,4.000, , , , 
123108.111,172.000,0.000,5.000, , , , 
123349.027,184.000,0.000,4.000, , , , 
123589.943,188.000,0.000,4.000, , , , 
123830.859,155.000,0.000,4.000, , , , 
124071.775,102.000,0.000,4.000, , , , 
124312.691,111.000,0.000,4.000, , , , 
124553.607,134.000,0.000,4.000, , , , 
124794.523,162.000,0.000,4.000, , , , 
125035.439,180.000,0.000,6.000, , , , 
125276.355,219.000,0.000,4.000, , , , 
125517.271,215.000,0.000,3.000, , , , 
125758.187,185.000,0.000,4.000, , , , 
125999.103,196.000,0.000,3.000, , , , 
126240.019,219.000,0.000,4.000, , , , 
126480.935,176.000,0.000,3.000, , , , 
126721.852,180.000,0.000,4.000, , , , 
126962.768,154.000,0.000,5.000, , , , 
127203.684,136.000,0.000,6.000, , , , 
127444.600,124.000,0.000,4.000, , , , 
127685.516,144.000,0.000,5.000, , , , 
127926.432,172.000,0.000,4.000, , , , 
128167.348,151.000,0.000,5.000, , , , 
128408.264,147.000,0.000,5.000, , , , 
128649.180,136.000,0.000,4.000, , , , 
128890.096,124.000,0.000,4.000, , , , 
129131.012,117.000,0.000,4.000, , , , 
129371.928,135.000,0.000,3.000, , , , 
129612.844,131.000,0.000,2.000, , , , 
129853.760,133.000,0.000,2.000, , , , 
130094.676,118.000,0.000,3.000, , , , 
130335.593,98.000,0.000,3.000, , , , 
130576.509,118.000,0.000,3.000, , , , 
130817.425,111.000,0.000,4.000, , , , 
131058.341,116.000,0.000,5.000, , , , 
131299.257,97.000,0.000,4.000, , , , 
131540.173,81.000,0.000,2.000, , , , 
131781.089,77.000,0.000,1.000, , , , 
132022.005,76.000,0.000,4.000, , , , 
132262.921,52.000,0.000,3.000, , , , 
132503.837,47.000,0.000,2.000, , , , 
132744.753,48.000,0.000,3.000, , , , 
132985.669,34.000,0.000,3.000, , , , 
133226.585,34.000,0.000,3.000, , , , 
133467.501,33.000,0.000,2.000, , , , 
133708.417,36.000,0.000,3.000, , , , 
133949.334,38.000,0.000,2.000, , , , 
134190.250,49.000,0.000,4.000, , , , 
134431.166,50.000,0.000,5.000, , , , 
134672.082,31.000,0.000,3.000, , , , 
134912.998,37.000,0.000,2.000, , , , 
135153.914,50.000,0.000,3.000, , , , 
135394.830,48.000,0.000,3.000, , , , 
135635.746,65.000,0.000,4.000, , , , 
135876.662,99.000,0.000,3.000, , , , 
136117.578,151.000,0.000,2.000, , , , 
136358.494,190.000,0.000,3.000, , , , 
136599.410,183.000,0.000,5.000, , , , 
136840.326,220.000,0.000,6.000, , , , 
137081.242,171.000,0.000,5.000, , , , 
137322.159,169.000,0.000,4.000, , , , 
137563.075,174.000,0.000,3.000, , , , 
137803.991,171.000,0.000,3.000, , , , 
138044.907,150.000,0.000,4.000, , , , 
138285.823,132.000,0.000,3.000, , , , 
138526.739,154.000,0.000,5.000, , , , 
138767.655,172.000,0.000,5.000, , , , 
139008.571,174.000,0.000,3.000, , , , 
139249.487,111.000,0.000,4.000, , , , 
139490.403,85.000,0.000,3.000, , , , 
139731.319,54.000,0.000,2.000, , , , 
139972.235,42.000,0.000,3.000, , , , 
140213.151,67.000,0.000,3.000, , , , 
140454.067,107.000,0.000,1.000, , , , 
140694.983,149.000,0.000,3.000, , , , 
140935.900,181.000,0.000,4.000, , , , 
141176.816,184.000,0.000,2.000, , , , 
141417.732,190.000,0.000,3.000, , , , 
141658.648,191.000,0.000,5.000, , , , 
141899.564,153.000,0.000,4.000, , , , 
142140.480,156.000,0.000,4.000, , , , 
142381.396,150.000,0.000,5.000, , , , 
142622.312,145.000,0.000,5.000, , , , 
142863.228,156.000,0.000,3.000, , , , 
143104.144,191.000,0.000,4.000, , , , 
143345.060,187.000,0.000,5.000, , , , 
143585.976,197.000,0.000,4.000, , , , 
143826.892,187.000,0.000,6.000, , , , 
144067.808,172.000,0.000,4.000, , , , 
144308.724,173.000,0.000,5.000, , , , 
144549.641,136.000,0.000,5.000, , , , 
144790.557,125.000,0.000,4.000, , , , 
145031.473,129.000,0.000,5.000, , , , 
145272.389,90.000,0.000,3.000, , , , 
145513.305,77.000,0.000,3.000, , , , 
145754.221,59.000,0.000,3.000, , , , 
145995.137,53.000,0.000,2.000, , , , 
146236.053,64.000,0.000,4.000, , , , 
146476.969,67.000,0.000,2.000, , , , 
146717.885,78.000,0.000,1.000, , , , 
146958.801,96.000,0.000,2.000, , , , 
147199.717,107.000,0.000,3.000, , , , 
147440.633,113.000,0.000,4.000, , , , 
147681.549,121.000,0.000,4.000, , , , 
147922.465,141.000,0.000,2.000, , , , 
148163.382,150.000,0.000,2.000, , , , 
148404.298,144.000,0.000,3.000, , , , 
148645.214,147.000,0.000,3.000, , , , 
148886.130,122.000,0.000,2.000, , , , 
149127.046,102.000,0.000,3.000, , , , 
149367.962,103.000,0.000,3.000, , , , 
149608.878,117.000,0.000,3.000, , , , 
149849.794,111.000,0.000,1.000, , , , 
150090.710,138.000,0.000,3.000, , , , 
150331.626,163.000,0.000,4.000, , , , 
150572.542,133.000,0.000,4.000, , , , 
150813.458,129.000,0.000,3.000, , , , 
151054.374,118.000,0.000,4.000, , , , 
151295.290,94.000,0.000,2.000, , , , 
151536.206,90.000,0.000,2.000, , , , 
151777.123,85.000,0.000,2.000, , , , 
152018.039,78.000,0.000,1.000, , , , 
152258.955,71.000,0.000,4.000, , , , 
152499.871,73.000,0.000,3.000, , , , 
152740.787,77.000,0.000,2.000, , , , 
152981.703,67.000,0.000,4.000, , , , 
153222.619,91.000,0.000,4.000, , , , 
153463.535,112.000,0.000,1.000, , , , 
153704.451,137.000,0.000,3.000, , , , 
153945.367,132.000,0.000,2.000, , , , 
154186.283,119.000,0.000,3.000, , , , 
154427.199,97.000,0.000,3.000, , , , 
154668.115,75.000,0.000,2.000, , , , 
154909.031,52.000,0.000,2.000, , , , 
155149.948,41.000,0.000,3.000, , , , 
155390.864,47.000,0.000,4.000, , , , 
155631.780,57.000,0.000,3.000, , , , 
155872.696,94.000,0.000,2.000, , , , 
156113.612,104.000,0.000,3.000, , , , 
156354.528,129.000,0.000,4.000, , , , 
156595.444,137.000,0.000,4.000, , , , 
156836.360,149.000,0.000,4.000, , , , 
157077.276,176.000,0.000,4.000, , , , 
157318.192,189.000,0.000,7.000, , , , 
157559.108,134.000,0.000,6.000, , , , 
157800.024,174.000,0.000,5.000, , , , 
158040.940,173.000,0.000,8.000, , , , 
158281.856,168.000,0.000,11.000, , , , 
158522.772,114.000,0.000,8.000, , , , 
158763.689,83.000,0.000,8.000, , , , 
159004.605,71.000,0.000,10.000, , , , 
159245.521,53.000,0.000,12.000, , , , 
159486.437,57.000,0.000,12.000, , , , 
159727.353,56.000,0.000,15.000, , , , 
159968.269,34.000,0.000,15.000, , , , 
160209.185,37.000,0.000,18.000, , , , 
160450.101,28.000,0.000,16.000, , , , 
160691.017,28.000,0.000,17.000, , , , 
160931.933,33.000,0.000,17.000, , , , 
161172.849,33.000,0.000,17.000, , , , 
161413.765,35.000,0.000,16.000, , , , 
161654.681,42.000,0.000,12.000, , , , 
161895.597,45.000,0.000,12.000, , , , 
162136.513,48.000,0.000,10.000, , , , 
162377.430,46.000,0.000,11.000, , , , 
162618.346,52.000,0.000,12.000, , , , 
162859.262,41.000,0.000,11.000, , , , 
163100.178,41.000,0.000,9.000, , , , 
163341.094,26.000,0.000,10.000, , , , 
163582.010,26.000,0.000,13.000, , , , 
163822.926,32.000,0.000,13.000, , , , 
164063.842,22.000,0.000,9.000, , , , 
164304.758,25.000,0.000,8.000, , , , 
164545.674,30.000,0.000,8.000, , , , 
164786.590,19.000,0.000,6.000, , , , 
165027.506,30.000,0.000,7.000, , , , 
165268.422,42.000,0.000,8.000, , , , 
165509.338,41.000,0.000,5.000, , , , 
165750.254,42.000,0.000,4.000, , , , 
165991.171,51.000,0.000,5.000, , , , 
166232.087,46.000,0.000,5.000, , , , 
166473.003,53.000,0.000,3.000, , , , 
166713.919,52.000,0.000,4.000, , , , 
166954.835,52.000,0.000,3.000, , , , 
167195.751,57.000,0.000,4.000, , , , 
167436.667,53.000,0.000,3.000, , , , 
167677.583,41.000,0.000,2.000, , , , 
167918.499,69.000,0.000,3.000, , , , 
168159.415,59.000,0.000,2.000, , , , 
168400.331,59.000,0.000,2.000, , , , 
168641.247,72.000,0.000,2.000, , , , 
168882.163,74.000,0.000,2.000, , , , 
169123.079,61.000,0.000,3.000, , , , 
169363.995,67.000,0.000,3.000, , , , 
169604.912,74.000,0.000,3.000, , , , 
169845.828,63.000,0.000,4.000, , , , 
170086.744,65.000,0.000,2.000, , , , 
170327.660,70.000,0.000,2.000, , , , 
170568.576,69.000,0.000,3.000, , , , 
170809.492,80.000,0.000,3.000, , , , 
171050.408,72.000,0.000,4.000, , , , 
171291.324,72.000,0.000,4.000, , , , 
171532.240,80.000,0.000,3.000, , , , 
171773.156,95.000,0.000,3.000, , , , 
172014.072,94.000,0.000,3.000, , , , 
172254.988,102.000,0.000,3.000, , , , 
172495.904,108.000,0.000,2.000, , , , 
172736.820,81.000,0.000,1.000, , , , 
172977.737,65.000,0.000,3.000, , , , 
173218.653,43.000,0.000,3.000, , , , 
173459.569,40.000,0.000,3.000, , , , 
173700.485,36.000,0.000,2.000, , , , 
173941.401,48.000,0.000,2.000, , , , 
174182.317,57.000,0.000,3.000, , , , 
174423.233,127.000,0.000,2.000, , , , 
174664.149,134.000,0.000,2.000, , , , 
174905.065,162.000,0.000,3.000, , , , 
175145.981,126.000,0.000,1.000, , , , 
175386.897,129.000,0.000,2.000, , , , 
175627.813,151.000,0.000,2.000, , , , 
175868.729,119.000,0.000,2.000, , , , 
176109.645,139.000,0.000,2.000, , , , 
176350.561,125.000,0.000,2.000, , , , 
176591.478,90.000,0.000,3.000, , , , 
176832.394,91.000,0.000,3.000, , , , 
177073.310,93.000,0.000,3.000, , , , 
177314.226,71.000,0.000,1.000, , , , 
177555.142,75.000,0.000,2.000, , , , 
177796.058,61.000,0.000,3.000, , , , 
178036.974,62.000,0.000,1.000, , , , 
178277.890,51.000,0.000,3.000, , , , 
178518.806,42.000,0.000,3.000, , , , 
178759.722,39.000,0.000,3.000, , , , 
179000.638,41.000,0.000,2.000, , , , 
179241.554,32.000,0.000,2.000, , , , 
179482.470,21.000,0.000,2.000, , , , 
179723.386,13.000,0.000,1.000, , , , 
179964.302,19.000,0.000,1.000, , , , 
180205.219,24.000,0.000,1.000, , , , 
180446.135,21.000,0.000,1.000, , , , 
180687.051,12.000,0.000,2.000, , , , 
180927.967,19.000,0.000,2.000, , , , 
181168.883,24.000,0.000,1.000, , , , 
181409.799,16.000,0.000,2.000, , , , 
181650.715,23.000,0.000,1.000, , , , 
181891.631,24.000,0.000,2.000, , , , 
182132.547,23.000,0.000,2.000, , , , 
182373.463,21.000,0.000,2.000, , , , 
182614.379,16.000,0.000,1.000, , , , 
182855.295,25.000,0.000,1.000, , , , 
183096.211,17.000,0.000,2.000, , , , 
183337.127,23.000,0.000,2.000, , , , 
183578.043,26.000,0.000,1.000, , , , 
183818.960,27.000,0.000,0.000, , , , 
184059.876,20.000,0.000,1.000, , , , 
184300.792,25.000,0.000,1.000, , , , 
184541.708,16.000,0.000,1.000, , , , 
184782.624,11.000,0.000,1.000, , , , 
185023.540,12.000,0.000,1.000, , , , 
185264.456,10.000,0.000,0.000, , , , 
185505.372,12.000,0.000,1.000, , , , 
185746.288,10.000,0.000,1.000, , , , 
185987.204,14.000,0.000,1.000, , , , 
186228.120,19.000,0.000,1.000, , , , 
186469.036,17.000,0.000,1.000, , , , 
186709.952,10.000,0.000,1.000, , , , 
186950.868,6.000,0.000,1.000, , , , 
187191.784,10.000,0.000,1.000, , , , 
187432.701,9.000,0.000,1.000, , , , 
187673.617,4.000,0.000,1.000, , , , 
187914.533,3.000,0.000,0.000, , , , 
188155.449,3.000,0.000,1.000, , , , 
188396.365,5.000,0.000,1.000, , , , 
188637.281,2.000,0.000,0.000, , , , 
188878.197,2.000,0.000,0.000, , , , 
189119.113,2.000,0.000,0.000, , , , 
189360.029,4.000,0.000,2.000, , , , 
189600.945,1.000,0.000,1.000, , , , 
189841.861,3.000,0.000,0.000, , , , 
190082.777,1.000,0.000,0.000, , , , 
190323.693,1.000,0.000,0.000, , , , 
190564.609,0.000,0.000,0.000, , , , 
190805.526,1.000,0.000,1.000, , , , 
191046.442,1.000,0.000,0.000, , , , 
191287.358,1.000,0.000,1.000, , , , 
191528.274,2.000,0.000,1.000, , , , 
191769.190,2.000,0.000,1.000, , , , 
192010.106,3.000,0.000,1.000, , , , 
192251.022,2.000,0.000,0.000, , , , 
192491.938,0.000,0.000,0.000, , , , 
192732.854,2.000,0.000,0.000, , , , 
192973.770,2.000,0.000,0.000, , , , 
193214.686,2.000,0.000,0.000, , , , 
193455.602,2.000,0.000,0.000, , , , 
193696.518,1.000,0.000,0.000, , , , 
193937.434,1.000,0.000,0.000, , , , 
194178.350,4.000,0.000,1.000, , , , 
194419.267,3.000,0.000,1.000, , , , 
194660.183,3.000,0.000,0.000, , , , 
194901.099,1.000,0.000,0.000, , , , 
195142.015,2.000,0.000,1.000, , , , 
195382.931,3.000,0.000,0.000, , , , 
195623.847,0.000,0.000,1.000, , , , 
195864.763,1.000,0.000,0.000, , , , 
196105.679,1.000,0.000,1.000, , , , 
196346.595,2.000,0.000,0.000, , , , 
196587.511,3.000,0.000,0.000, , , , 
196828.427,3.000,0.000,1.000, , , , 
197069.343,1.000,0.000,0.000, , , , 
197310.259,0.000,0.000,1.000, , , , 
197551.175,1.000,0.000,0.000, , , , 
197792.091,2.000,0.000,0.000, , , , 
198033.008,1.000,0.000,0.000, , , , 
198273.924,0.000,0.000,0.000, , , , 
198514.840,1.000,0.000,1.000, , , , 
198755.756,1.000,0.000,1.000, , , , 
198996.672,1.000,0.000,1.000, , , , 
199237.588,1.000,0.000,0.000, , , , 
199478.504,1.000,0.000,0.000, , , , 
199719.420,1.000,0.000,0.000, , , , 
199960.336,2.000,0.000,0.000, , , , 
200201.252,2.000,0.000,0.000, , , , 
200442.168,2.000,0.000,0.000, , , , 
200683.084,1.000,0.000,0.000, , , , 
200924.000,4.000,0.000,0.000, , , , 
201164.916,2.000,0.000,0.000, , , , 
201405.832,1.000,0.000,0.000, , , , 
201646.749,0.000,0.000,0.000, , , , 
201887.665,3.000,0.000,1.000, , , , 
202128.581,1.000,0.000,0.000, , , , 
202369.497,2.000,0.000,0.000, , , , 
202610.413,3.000,0.000,1.000, , , , 
202851.329,0.000,0.000,1.000, , , , 
203092.245,0.000,0.000,0.000, , , , 
203333.161,1.000,0.000,0.000, , , , 
203574.077,1.000,0.000,0.000, , , , 
203814.993,1.000,0.000,0.000, , , , 
204055.909,0.000,0.000,0.000, , , , 
204296.825,0.000,0.000,0.000, , , , 
204537.741,0.000,0.000,0.000, , , , 
204778.657,0.000,0.000,0.000, , , , 
205019.573,2.000,0.000,0.000, , , , 
205260.490,2.000,0.000,0.000, , , , 
205501.406,3.000,0.000,0.000, , , , 
205742.322,2.000,0.000,0.000, , , , 
205983.238,1.000,0.000,0.000, , , , 
206224.154,0.000,0.000,0.000, , , , 
206465.070,1.000,0.000,0.000, , , , 
206705.986,1.000,0.000,1.000, , , , 
206946.902,1.000,0.000,1.000, , , , 
207187.818,0.000,0.000,0.000, , , , 
207428.734,1.000,0.000,0.000, , , , 
207669.650,1.000,0.000,0.000, , , , 
207910.566,1.000,0.000,0.000, , , , 
208151.482,1.000,0.000,0.000, , , , 
208392.398,1.000,0.000,0.000, , , , 
208633.315,1.000,0.000,0.000, , , , 
208874.231,0.000,0.000,0.000, , , , 
209115.147,1.000,0.000,1.000, , , , 
209356.063,1.000,0.000,0.000, , , , 
209596.979,1.000,0.000,0.000, , , , 
209837.895,0.000,0.000,0.000, , , , 
210078.811,2.000,0.000,1.000, , , , 
210319.727,1.000,0.000,0.000, , , , 
210560.643,0.000,0.000,0.000, , , , 
210801.559,1.000,0.000,0.000, , , , 
211042.475,1.000,0.000,0.000, , , , 
211283.391,0.000,0.000,0.000, , , , 
211524.307,1.000,0.000,0.000, , , , 
211765.223,1.000,0.000,0.000, , , , 
212006.139,1.000,0.000,0.000, , , , 
212247.056,0.000,0.000,0.000, , , , 
212487.972,1.000,0.000,0.000, , , , 
212728.888,1.000,0.000,0.000, , , , 
212969.804,3.000,0.000,0.000, , , , 
213210.720,1.000,0.000,1.000, , , , 
213451.636,3.000,0.000,0.000, , , , 
213692.552,2.000,0.000,0.000, , , , 
213933.468,1.000,0.000,0.000, , , , 
214174.384,2.000,0.000,1.000, , , , 
214415.300,1.000,0.000,1.000, , , , 
214656.216,0.000,0.000,0.000, , , , 
214897.132,2.000,0.000,0.000, , , , 
215138.048,3.000,0.000,0.000, , , , 
215378.964,1.000,0.000,1.000, , , , 
215619.880,1.000,0.000,1.000, , , , 
215860.797,4.000,0.000,0.000, , , , 
216101.713,1.000,0.000,0.000, , , , 
216342.629,2.000,0.000,1.000, , , , 
216583.545,1.000,0.000,0.000, , , , 
216824.461,1.000,0.000,0.000, , , , 
217065.377,4.000,0.000,0.000, , , , 
217306.293,1.000,0.000,0.000, , , , 
217547.209,2.000,0.000,0.000, , , , 
217788.125,1.000,0.000,0.000, , , , 
218029.041,0.000,0.000,0.000, , , , 
218269.957,0.000,0.000,0.000, , , , 
218510.873,0.000,0.000,0.000, , , , 
218751.789,1.000,0.000,0.000, , , , 
218992.705,1.000,0.000,0.000, , , , 
219233.621,1.000,0.000,0.000, , , , 
219474.538,2.000,0.000,0.000, , , , 
219715.454,3.000,0.000,1.000, , , , 
219956.370,3.000,0.000,1.000, , , , 
220197.286,1.000,0.000,1.000, , , , 
220438.202,3.000,0.000,1.000, , , , 
220679.118,3.000,0.000,1.000, , , , 
220920.034,1.000,0.000,1.000, , , , 
221160.950,6.000,0.000,2.000, , , , 
221401.866,9.000,0.000,2.000, , , , 
221642.782,5.000,0.000,1.000, , , , 
221883.698,12.000,0.000,1.000, , , , 
222124.614,12.000,0.000,0.000, , , , 
222365.530,12.000,0.000,0.000, , , , 
222606.446,20.000,0.000,0.000, , , , 
222847.362,15.000,0.000,1.000, , , , 
223088.279,16.000,0.000,1.000, , , , 
223329.195,38.000,0.000,2.000, , , , 
223570.111,59.000,0.000,2.000, , , , 
223811.027,89.000,0.000,3.000, , , , 
224051.943,90.000,0.000,2.000, , , , 
224292.859,76.000,0.000,2.000, , , , 
224533.775,74.000,0.000,1.000, , , , 
224774.691,73.000,0.000,2.000, , , , 
225015.607,77.000,0.000,3.000, , , , 
225256.523,77.000,0.000,3.000, , , , 
225497.439,61.000,0.000,2.000, , , , 
225738.355,72.000,0.000,1.000, , , , 
225979.271,69.000,0.000,2.000, , , , 
226220.187,66.000,0.000,2.000, , , , 
226461.103,69.000,0.000,2.000, , , , 
226702.020,67.000,0.000,2.000, , , , 
226942.936,47.000,0.000,2.000, , , , 
227183.852,34.000,0.000,2.000, , , , 
227424.768,31.000,0.000,2.000, , , , 
227665.684,16.000,0.000,2.000, , , , 
227906.600,10.000,0.000,2.000, , , , 
228147.516,6.000,0.000,1.000, , , , 
228388.432,11.000,0.000,2.000, , , , 
228629.348,7.000,0.000,1.000, , , , 
228870.264,8.000,0.000,1.000, , , , 
229111.180,14.000,0.000,1.000, , , , 
229352.096,16.000,0.000,1.000, , , , 
229593.012,16.000,0.000,2.000, , , , 
229833.928,16.000,0.000,3.000, , , , 
230074.845,23.000,0.000,2.000, , , , 
230315.761,21.000,0.000,2.000, , , , 
230556.677,22.000,0.000,2.000, , , , 
230797.593,21.000,0.000,2.000, , , , 
231038.509,16.000,0.000,2.000, , , , 
231279.425,21.000,0.000,2.000, , , , 
231520.341,30.000,0.000,1.000, , , , 
231761.257,22.000,0.000,2.000, , , , 
232002.173,20.000,0.000,2.000, , , , 
232243.089,23.000,0.000,0.000, , , , 
232484.005,28.000,0.000,1.000, , , , 
232724.921,20.000,0.000,1.000, , , , 
232965.837,28.000,0.000,2.000, , , , 
233206.753,27.000,0.000,2.000, , , , 
233447.669,23.000,0.000,2.000, , , , 
233688.586,14.000,0.000,1.000, , , , 
233929.502,15.000,0.000,1.000, , , , 
234170.418,12.000,0.000,2.000, , , , 
234411.334,12.000,0.000,2.000, , , , 
234652.250,10.000,0.000,2.000, , , , 
234893.166,7.000,0.000,1.000, , , , 
235134.082,5.000,0.000,1.000, , , , 
235374.998,7.000,0.000,1.000, , , , 
235615.914,2.000,0.000,1.000, , , , 
235856.830,4.000,0.000,0.000, , , , 
236097.746,7.000,0.000,1.000, , , , 
236338.662,3.000,0.000,0.000, , , , 
236579.578,2.000,0.000,1.000, , , , 
236820.494,3.000,0.000,0.000, , , , 
237061.410,6.000,0.000,1.000, , , , 
237302.327,5.000,0.000,0.000, , , , 
237543.243,8.000,0.000,1.000, , , , 
237784.159,5.000,0.000,1.000, , , , 
238025.075,7.000,0.000,0.000, , , , 
238265.991,5.000,0.000,0.000, , , , 
238506.907,4.000,0.000,1.000, , , , 
238747.823,4.000,0.000,1.000, , , , 
238988.739,8.000,0.000,1.000, , , , 
239229.655,13.000,0.000,1.000, , , , 
239470.571,9.000,0.000,0.000, , , , 
239711.487,8.000,0.000,1.000, , , , 
239952.403,13.000,0.000,1.000, , , , 
240193.319,10.000,0.000,3.000, , , , 
240434.235,13.000,0.000,3.000, , , , 
240675.151,20.000,0.000,2.000, , , , 
240916.068,15.000,0.000,1.000, , , , 
241156.984,20.000,0.000,1.000, , , , 
241397.900,24.000,0.000,1.000, , , , 
241638.816,28.000,0.000,2.000, , , , 
241879.732,16.000,0.000,1.000, , , , 
242120.648,14.000,0.000,2.000, , , , 
242361.564,25.000,0.000,2.000, , , , 
242602.480,17.000,0.000,2.000, , , , 
242843.396,14.000,0.000,2.000, , , , 
243084.312,26.000,0.000,2.000, , , , 
243325.228,22.000,0.000,1.000, , , , 
243566.144,14.000,0.000,1.000, , , , 
243807.060,15.000,0.000,1.000, , , , 
244047.976,10.000,0.000,0.000, , , , 
244288.892,10.000,0.000,1.000, , , , 
244529.809,6.000,0.000,1.000, , , , 
244770.725,4.000,0.000,1.000, , , , 
245011.641,2.000,0.000,1.000, , , , 
245252.557,3.000,0.000,1.000, , , , 
245493.473,2.000,0.000,1.000, , , , 
245734.389,1.000,0.000,1.000, , , , 
245975.305,1.000,0.000,1.000, , , , 
246216.221,1.000,0.000,1.000, , , , 
246457.137,5.000,0.000,1.000, , , , 
246698.053,4.000,0.000,0.000, , , , 
246938.969,1.000,0.000,1.000, , , , 
247179.885,1.000,0.000,1.000, , , , 
247420.801,6.000,0.000,1.000, , , , 
247661.717,4.000,0.000,0.000, , , , 
247902.634,7.000,0.000,2.000, , , , 
248143.550,8.000,0.000,2.000, , , , 
248384.466,6.000,0.000,2.000, , , , 
248625.382,13.000,0.000,1.000, , , , 
248866.298,21.000,0.000,1.000, , , , 
249107.214,22.000,0.000,1.000, , , , 
249348.130,15.000,0.000,1.000, , , , 
249589.046,22.000,0.000,1.000, , , , 
249829.962,10.000,0.000,3.000, , , , 
250070.878,11.000,0.000,1.000, , , , 
250311.794,9.000,0.000,0.000, , , , 
250552.710,14.000,0.000,2.000, , , , 
250793.626,15.000,0.000,2.000, , , , 
251034.542,13.000,0.000,1.000, , , , 
251275.458,12.000,0.000,1.000, , , , 
251516.375,10.000,0.000,1.000, , , , 
251757.291,12.000,0.000,1.000, , , , 
251998.207,9.000,0.000,2.000, , , , 
252239.123,11.000,0.000,2.000, , , , 
252480.039,17.000,0.000,2.000, , , , 
252720.955,24.000,0.000,1.000, , , , 
252961.871,22.000,0.000,2.000, , , , 
253202.787,33.000,0.000,2.000, , , , 
253443.703,29.000,0.000,2.000, , , , 
253684.619,24.000,0.000,2.000, , , , 
253925.535,23.000,0.000,1.000, , , , 
254166.451,30.000,0.000,1.000, , , , 
254407.367,26.000,0.000,2.000, , , , 
254648.283,35.000,0.000,1.000, , , , 
254889.199,42.000,0.000,1.000, , , , 
255130.116,36.000,0.000,0.000, , , , 
255371.032,52.000,0.000,2.000, , , , 
255611.948,60.000,0.000,0.000, , , , 
255852.864,46.000,0.000,1.000, , , , 
256093.780,42.000,0.000,1.000, , , , 
256334.696,35.000,0.000,2.000, , , , 
256575.612,36.000,0.000,1.000, , , , 
256816.528,32.000,0.000,1.000, , , , 
257057.444,24.000,0.000,1.000, , , , 
257298.360,15.000,0.000,1.000, , , , 
257539.276,12.000,0.000,1.000, , , , 
257780.192,12.000,0.000,2.000, , , , 
258021.108,10.000,0.000,2.000, , , , 
258262.024,9.000,0.000,1.000, , , , 
258502.940,3.000,0.000,1.000, , , , 
258743.857,4.000,0.000,2.000, , , , 
258984.773,4.000,0.000,1.000, , , , 
259225.689,5.000,0.000,1.000, , , , 
259466.605,5.000,0.000,1.000, , , , 
259707.521,1.000,0.000,1.000, , , , 
259948.437,0.000,0.000,0.000, , , , 
260189.353,2.000,0.000,0.000, , , , 
260430.269,2.000,0.000,1.000, , , , 
260671.185,6.000,0.000,2.000, , , , 
260912.101,2.000,0.000,1.000, , , , 
261153.017,4.000,0.000,2.000, , , , 
261393.933,8.000,0.000,1.000, , , , 
261634.849,7.000,0.000,1.000, , , , 
261875.765,19.000,0.000,2.000, , , , 
262116.681,18.000,0.000,2.000, , , , 
262357.598,28.000,0.000,3.000, , , , 
262598.514,32.000,0.000,3.000, , , , 
262839.430,41.000,0.000,2.000, , , , 
263080.346,38.000,0.000,2.000, , , , 
263321.262,38.000,0.000,3.000, , , , 
263562.178,39.000,0.000,3.000, , , , 
263803.094,55.000,0.000,3.000, , , , 
264044.010,57.000,0.000,4.000, , , , 
264284.926,51.000,0.000,3.000, , , , 
264525.842,66.000,0.000,4.000, , , , 
264766.758,55.000,0.000,5.000, , , , 
265007.674,64.000,0.000,6.000, , , , 
265248.590,59.000,0.000,8.000, , , , 
265489.506,69.000,0.000,5.000, , , , 
265730.423,58.000,0.000,5.000, , , , 
265971.339,44.000,0.000,3.000, , , , 
266212.255,56.000,0.000,5.000, , , , 
266453.171,57.000,0.000,7.000, , , , 
266694.087,58.000,0.000,6.000, , , , 
266935.003,50.000,0.000,4.000, , , , 
267175.919,53.000,0.000,4.000, , , , 
267416.835,52.000,0.000,3.000, , , , 
267657.751,25.000,0.000,3.000, , , , 
267898.667,24.000,0.000,2.000, , , , 
268139.583,23.000,0.000,2.000, , , , 
268380.499,16.000,0.000,2.000, , , , 
268621.415,4.000,0.000,3.000, , , , 
268862.331,6.000,0.000,2.000, , , , 
269103.247,4.000,0.000,1.000, , , , 
269344.164,3.000,0.000,1.000, , , , 
269585.080,0.000,0.000,1.000, , , , 
269825.996,2.000,0.000,1.000, , , , 
270066.912,3.000,0.000,2.000, , , , 
270307.828,3.000,0.000,1.000, , , , 
270548.744,1.000,0.000,1.000, , , , 
270789.660,1.000,0.000,0.000, , , , 
271030.576,1.000,0.000,0.000, , , , 
271271.492,4.000,0.000,1.000, , , , 
271512.408,1.000,0.000,0.000, , , , 
271753.324,0.000,0.000,0.000, , , , 
271994.240,3.000,0.000,1.000, , , , 
272235.156,0.000,0.000,1.000, , , , 
272476.072,2.000,0.000,0.000, , , , 
272716.988,5.000,0.000,1.000, , , , 
272957.905,1.000,0.000,2.000, , , , 
273198.821,0.000,0.000,1.000, , , , 
273439.737,3.000,0.000,1.000, , , , 
273680.653,2.000,0.000,1.000, , , , 
273921.569,2.000,0.000,0.000, , , , 
274162.485,3.000,0.000,1.000, , , , 
274403.401,1.000,0.000,0.000, , , , 
274644.317,1.000,0.000,0.000, , , , 
274885.233,1.000,0.000,1.000, , , , 
275126.149,1.000,0.000,1.000, , , , 
275367.065,2.000,0.000,1.000, , , , 
275607.981,3.000,0.000,0.000, , , , 
275848.897,1.000,0.000,0.000, , , , 
276089.813,2.000,0.000,1.000, , , , 
276330.729,3.000,0.000,1.000, , , , 
276571.646,3.000,0.000,0.000, , , , 
276812.562,1.000,0.000,0.000, , , , 
277053.478,1.000,0.000,1.000, , , , 
277294.394,2.000,0.000,1.000, , , , 
277535.310,1.000,0.000,1.000, , , , 
277776.226,4.000,0.000,0.000, , , , 
278017.142,5.000,0.000,0.000, , , , 
278258.058,1.000,0.000,1.000, , , , 
278498.974,2.000,0.000,0.000, , , , 
278739.890,2.000,0.000,1.000, , , , 
278980.806,4.000,0.000,1.000, , , , 
279221.722,2.000,0.000,0.000, , , , 
279462.638,4.000,0.000,1.000, , , , 
279703.554,2.000,0.000,1.000, , , , 
279944.470,2.000,0.000,1.000, , , , 
280185.387,1.000,0.000,0.000, , , , 
280426.303,1.000,0.000,1.000, , , , 
280667.219,0.000,0.000,2.000, , , , 
280908.135,1.000,0.000,2.000, , , , 
281149.051,3.000,0.000,1.000, , , , 
281389.967,2.000,0.000,2.000, , , , 
281630.883,1.000,0.000,2.000, , , , 
281871.799,2.000,0.000,2.000, , , , 
282112.715,5.000,0.000,0.000, , , , 
282353.631,3.000,0.000,1.000, , , , 
282594.547,5.000,0.000,0.000, , , , 
282835.463,7.000,0.000,1.000, , , , 
283076.379,3.000,0.000,1.000, , , , 
283317.295,3.000,0.000,0.000, , , , 
283558.212,7.000,0.000,1.000, , , , 
283799.128,5.000,0.000,1.000, , , , 
284040.044,5.000,0.000,1.000, , , , 
284280.960,2.000,0.000,1.000, , , , 
284521.876,0.000,0.000,1.000, , , , 
284762.792,4.000,0.000,1.000, , , , 
285003.708,1.000,0.000,1.000, , , , 
285244.624,1.000,0.000,1.000, , , , 
285485.540,3.000,0.000,0.000, , , , 
285726.456,3.000,0.000,1.000, , , , 
285967.372,1.000,0.000,0.000, , , , 
286208.288,1.000,0.000,0.000, , , , 
286449.204,3.000,0.000,0.000, , , , 
286690.120,1.000,0.000,0.000, , , , 
286931.036,1.000,0.000,1.000, , , , 
287171.953,2.000,0.000,0.000, , , , 
287412.869,1.000,0.000,1.000, , , , 
287653.785,1.000,0.000,1.000, , , , 
287894.701,0.000,0.000,1.000, , , , 
288135.617,2.000,0.000,0.000, , , , 
288376.533,1.000,0.000,0.000, , , , 
288617.449,0.000,0.000,0.000, , , , 
288858.365,1.000,0.000,0.000, , , , 
289099.281,3.000,0.000,1.000, , , , 
289340.197,2.000,0.000,0.000, , , , 
289581.113,2.000,0.000,0.000, , , , 
289822.029,4.000,0.000,1.000, , , , 
290062.945,4.000,0.000,1.000, , , , 
290303.861,0.000,0.000,0.000, , , , 
290544.777,0.000,0.000,1.000, , , , 
290785.694,1.000,0.000,1.000, , , , 
291026.610,1.000,0.000,1.000, , , , 
291267.526,1.000,0.000,1.000, , , , 
291508.442,1.000,0.000,0.000, , , , 
291749.358,1.000,0.000,1.000, , , , 
291990.274,1.000,0.000,1.000, , , , 
292231.190,1.000,0.000,2.000, , , , 
292472.106,4.000,0.000,1.000, , , , 
292713.022,2.000,0.000,1.000, , , , 
292953.938,3.000,0.000,2.000, , , , 
293194.854,3.000,0.000,2.000, , , , 
293435.770,6.000,0.000,2.000, , , , 
293676.686,5.000,0.000,2.000, , , , 
293917.602,3.000,0.000,1.000, , , , 
294158.518,5.000,0.000,2.000, , , , 
294399.435,3.000,0.000,1.000, , , , 
294640.351,6.000,0.000,2.000, , , , 
294881.267,3.000,0.000,1.000, , , , 
295122.183,5.000,0.000,2.000, , , , 
295363.099,4.000,0.000,1.000, , , , 
295604.015,6.000,0.000,2.000, , , , 
295844.931,8.000,0.000,2.000, , , , 
296085.847,5.000,0.000,1.000, , , , 
296326.763,1.000,0.000,0.000, , , , 
296567.679,3.000,0.000,1.000, , , , 
296808.595,6.000,0.000,2.000, , , , 
297049.511,4.000,0.000,1.000, , , , 
297290.427,1.000,0.000,1.000, , , , 
297531.343,2.000,0.000,0.000, , , , 
297772.259,3.000,0.000,0.000, , , , 
298013.176,3.000,0.000,3.000, , , , 
298254.092,5.000,0.000,2.000, , , , 
298495.008,3.000,0.000,2.000, , , , 
298735.924,5.000,0.000,1.000, , , , 
298976.840,11.000,0.000,1.000, , , , 
299217.756,12.000,0.000,0.000, , , , 
299458.672,7.000,0.000,0.000, , , , 
299699.588,20.000,0.000,1.000, , , , 
299940.504,25.000,0.000,1.000, , , , 
300181.420,27.000,0.000,3.000, , , , 
300422.336,38.000,0.000,2.000, , , , 
300663.252,31.000,0.000,0.000, , , , 
300904.168,31.000,0.000,0.000, , , , 
301145.084,33.000,0.000,1.000, , , , 
301386.001,33.000,0.000,1.000, , , , 
301626.917,30.000,0.000,1.000, , , , 
301867.833,18.000,0.000,2.000, , , , 
302108.749,25.000,0.000,1.000, , , , 
302349.665,23.000,0.000,1.000, , , , 
302590.581,24.000,0.000,1.000, , , , 
302831.497,14.000,0.000,1.000, , , , 
303072.413,10.000,0.000,0.000, , , , 
303313.329,9.000,0.000,1.000, , , , 
303554.245,16.000,0.000,1.000, , , , 
303795.161,17.000,0.000,2.000, , , , 
304036.077,15.000,0.000,2.000, , , , 
304276.993,16.000,0.000,2.000, , , , 
304517.909,11.000,0.000,1.000, , , , 
304758.825,9.000,0.000,1.000, , , , 
304999.742,9.000,0.000,0.000, , , , 
305240.658,7.000,0.000,0.000, , , , 
305481.574,6.000,0.000,2.000, , , , 
305722.490,22.000,0.000,1.000, , , , 
305963.406,72.000,0.000,2.000, , , , 
306204.322,96.000,0.000,2.000, , , , 
306445.238,103.000,0.000,2.000, , , , 
306686.154,115.000,0.000,1.000, , , , 
306927.070,144.000,0.000,2.000, , , , 
307167.986,125.000,0.000,2.000, , , , 
307408.902,113.000,0.000,3.000, , , , 
307649.818,96.000,0.000,3.000, , , , 
307890.734,90.000,0.000,2.000, , , , 
308131.650,95.000,0.000,2.000, , , , 
308372.566,110.000,0.000,3.000, , , , 
308613.483,98.000,0.000,2.000, , , , 
308854.399,90.000,0.000,2.000, , , , 
309095.315,77.000,0.000,3.000, , , , 
309336.231,89.000,0.000,3.000, , , , 
309577.147,94.000,0.000,2.000, , , , 
309818.063,116.000,0.000,3.000, , , , 
310058.979,101.000,0.000,3.000, , , , 
310299.895,104.000,0.000,3.000, , , , 
310540.811,133.000,0.000,2.000, , , , 
310781.727,122.000,0.000,3.000, , , , 
311022.643,126.000,0.000,4.000, , , , 
311263.559,134.000,0.000,4.000, , , , 
311504.475,115.000,0.000,3.000, , , , 
311745.391,114.000,0.000,5.000, , , , 
311986.307,96.000,0.000,5.000, , , , 
312227.224,95.000,0.000,4.000, , , , 
312468.140,72.000,0.000,3.000, , , , 
312709.056,63.000,0.000,4.000, , , , 
312949.972,62.000,0.000,4.000, , , , 
313190.888,55.000,0.000,4.000, , , , 
313431.804,63.000,0.000,4.000, , , , 
313672.720,41.000,0.000,4.000, , , , 
313913.636,54.000,0.000,6.000, , , , 
314154.552,56.000,0.000,4.000, , , , 
314395.468,54.000,0.000,6.000, , , , 
314636.384,44.000,0.000,8.000, , , , 
314877.300,32.000,0.000,6.000, , , , 
315118.216,22.000,0.000,6.000, , , , 
315359.132,33.000,0.000,6.000, , , , 
315600.048,22.000,0.000,5.000, , , , 
315840.965,35.000,0.000,6.000, , , , 
316081.881,36.000,0.000,6.000, , , , 
316322.797,48.000,0.000,6.000, , , , 
316563.713,76.000,0.000,6.000, , , , 
316804.629,125.000,0.000,6.000, , , , 
317045.545,138.000,0.000,7.000, , , , 
317286.461,147.000,0.000,7.000, , , , 
317527.377,171.000,0.000,9.000, , , , 
317768.293,178.000,0.000,9.000, , , , 
318009.209,138.000,0.000,6.000, , , , 
318250.125,148.000,0.000,7.000, , , , 
318491.041,142.000,0.000,8.000, , , , 
318731.957,133.000,0.000,7.000, , , , 
318972.873,130.000,0.000,5.000, , , , 
319213.790,102.000,0.000,4.000, , , , 
319454.706,127.000,0.000,6.000, , , , 
319695.622,103.000,0.000,6.000, , , , 
319936.538,82.000,0.000,6.000, , , , 
320177.454,80.000,0.000,6.000, , , , 
320418.370,79.000,0.000,5.000, , , , 
320659.286,54.000,0.000,5.000, , , , 
320900.202,45.000,0.000,4.000, , , , 
321141.118,41.000,0.000,5.000, , , , 
321382.034,37.000,0.000,4.000, , , , 
321622.950,50.000,0.000,3.000, , , , 
321863.866,46.000,0.000,4.000, , , , 
322104.782,50.000,0.000,6.000, , , , 
322345.698,49.000,0.000,3.000, , , , 
322586.614,56.000,0.000,5.000, , , , 
322827.531,50.000,0.000,3.000, , , , 
323068.447,63.000,0.000,4.000, , , , 
323309.363,66.000,0.000,5.000, , , , 
323550.279,69.000,0.000,6.000, , , , 
323791.195,69.000,0.000,5.000, , , , 
324032.111,55.000,0.000,3.000, , , , 
324273.027,76.000,0.000,5.000, , , , 
324513.943,91.000,0.000,4.000, , , , 
324754.859,101.000,0.000,6.000, , , , 
324995.775,129.000,0.000,6.000, , , , 
325236.691,167.000,0.000,8.000, , , , 
325477.607,160.000,0.000,9.000, , , , 
325718.523,162.000,0.000,7.000, , , , 
325959.439,155.000,0.000,7.000, , , , 
326200.355,152.000,0.000,8.000, , , , 
326441.272,157.000,0.000,7.000, , , , 
326682.188,167.000,0.000,8.000, , , , 
326923.104,184.000,0.000,9.000, , , , 
327164.020,184.000,0.000,10.000, , , , 
327404.936,158.000,0.000,9.000, , , , 
327645.852,149.000,0.000,10.000, , , , 
327886.768,168.000,0.000,9.000, , , , 
328127.684,158.000,0.000,10.000, , , , 
328368.600,135.000,0.000,10.000, , , , 
328609.516,160.000,0.000,9.000, , , , 
328850.432,161.000,0.000,12.000, , , , 
329091.348,152.000,0.000,8.000, , , , 
329332.264,145.000,0.000,11.000, , , , 
329573.180,163.000,0.000,14.000, , , , 
329814.096,149.000,0.000,11.000, , , , 
330055.013,152.000,0.000,10.000, , , , 
330295.929,171.000,0.000,9.000, , , , 
330536.845,195.000,0.000,11.000, , , , 
330777.761,197.000,0.000,17.000, , , , 
331018.677,207.000,0.000,12.000, , , , 
331259.593,201.000,0.000,14.000, , , , 
331500.509,187.000,0.000,13.000, , , , 
331741.425,183.000,0.000,14.000, , , , 
331982.341,154.000,0.000,18.000, , , , 
332223.257,140.000,0.000,14.000, , , , 
332464.173,108.000,0.000,11.000, , , , 
332705.089,102.000,0.000,12.000, , , , 
332946.005,80.000,0.000,10.000, , , , 
333186.921,87.000,0.000,12.000, , , , 
333427.837,86.000,0.000,11.000, , , , 
333668.754,74.000,0.000,10.000, , , , 
333909.670,60.000,0.000,12.000, , , , 
334150.586,54.000,0.000,11.000, , , , 
334391.502,60.000,0.000,12.000, , , , 
334632.418,43.000,0.000,13.000, , , , 
334873.334,49.000,0.000,12.000, , , , 
335114.250,42.000,0.000,11.000, , , , 
335355.166,52.000,0.000,12.000, , , , 
335596.082,57.000,0.000,13.000, , , , 
335836.998,49.000,0.000,15.000, , , , 
336077.914,68.000,0.000,19.000, , , , 
336318.830,93.000,0.000,19.000, , , , 
336559.746,119.000,0.000,23.000, , , , 
336800.662,144.000,0.000,22.000, , , , 
337041.579,148.000,0.000,21.000, , , , 
337282.495,162.000,0.000,22.000, , , , 
337523.411,155.000,0.000,24.000, , , , 
337764.327,148.000,0.000,27.000, , , , 
338005.243,138.000,0.000,26.000, , , , 
338246.159,128.000,0.000,30.000, , , , 
338487.075,133.000,0.000,40.000, , , , 
338727.991,101.000,0.000,38.000, , , , 
338968.907,88.000,0.000,36.000, , , , 
339209.823,69.000,0.000,38.000, , , , 
339450.739,38.000,0.000,34.000, , , , 
339691.655,26.000,0.000,27.000, , , , 
339932.571,24.000,0.000,27.000, , , , 
340173.487,23.000,0.000,26.000, , , , 
340414.403,20.000,0.000,23.000, , , , 
340655.320,18.000,0.000,19.000, , , , 
340896.236,22.000,0.000,17.000, , , , 
341137.152,33.000,0.000,15.000, , , , 
341378.068,28.000,0.000,12.000, , , , 
341618.984,54.000,0.000,9.000, , , , 
341859.900,64.000,0.000,7.000, , , , 
342100.816,76.000,0.000,7.000, , , , 
342341.732,83.000,0.000,9.000, , , , 
342582.648,94.000,0.000,10.000, , , , 
342823.564,102.000,0.000,9.000, , , , 
343064.480,106.000,0.000,8.000, , , , 
343305.396,109.000,0.000,8.000, , , , 
343546.312,120.000,0.000,8.000, , , , 
343787.228,131.000,0.000,9.000, , , , 
344028.144,133.000,0.000,5.000, , , , 
344269.061,141.000,0.000,8.000, , , , 
344509.977,129.000,0.000,7.000, , , , 
344750.893,136.000,0.000,9.000, , , , 
344991.809,153.000,0.000,8.000, , , , 
345232.725,166.000,0.000,8.000, , , , 
345473.641,152.000,0.000,8.000, , , , 
345714.557,168.000,0.000,7.000, , , , 
345955.473,192.000,0.000,8.000, , , , 
346196.389,162.000,0.000,7.000, , , , 
346437.305,135.000,0.000,11.000, , , , 
346678.221,114.000,0.000,7.000, , , , 
346919.137,89.000,0.000,9.000, , , , 
347160.053,47.000,0.000,7.000, , , , 
347400.969,27.000,0.000,7.000, , , , 
347641.885,18.000,0.000,7.000, , , , 
347882.802,26.000,0.000,7.000, , , , 
348123.718,18.000,0.000,9.000, , , , 
348364.634,28.000,0.000,6.000, , , , 
348605.550,54.000,0.000,6.000, , , , 
348846.466,34.000,0.000,12.000, , , , 
349087.382,51.000,0.000,11.000, , , , 
349328.298,60.000,0.000,16.000, , , , 
349569.214,55.000,0.000,26.000, , , , 
349810.130,79.000,0.000,29.000, , , , 
350051.046,72.000,0.000,32.000, , , , 
350291.962,86.000,0.000,38.000, , , , 
350532.878,142.000,0.000,50.000, , , , 
350773.794,117.000,0.000,51.000, , , , 
351014.710,121.000,0.000,48.000, , , , 
351255.626,161.000,0.000,61.000, , , , 
351496.543,134.000,0.000,59.000, , , , 
351737.459,146.000,0.000,63.000, , , , 
351978.375,175.000,0.000,62.000, , , , 
352219.291,199.000,0.000,68.000, , , , 
352460.207,196.000,0.000,67.000, , , , 
352701.123,217.000,0.000,77.000, , , , 
352942.039,214.000,0.000,98.000, , , , 
353182.955,233.000,0.000,101.000, , , , 
353423.871,217.000,0.000,93.000, , , , 
353664.787,226.000,0.000,100.000, , , , 
353905.703,206.000,0.000,101.000, , , , 
354146.619,190.000,0.000,94.000, , , , 
354387.535,194.000,0.000,88.000, , , , 
354628.451,160.000,0.000,84.000, , , , 
354869.368,116.000,0.000,74.000, , , , 
355110.284,67.000,0.000,62.000, , , , 
355351.200,40.000,0.000,53.000, , , , 
355592.116,17.000,0.000,36.000, , , , 
355833.032,26.000,0.000,24.000, , , , 
356073.948,34.000,0.000,21.000, , , , 
356314.864,24.000,0.000,19.000, , , , 
356555.780,17.000,0.000,13.000, , , , 
356796.696,19.000,0.000,12.000, , , , 
357037.612,22.000,0.000,9.000, , , , 
357278.528,20.000,0.000,8.000, , , , 
357519.444,24.000,0.000,9.000, , , , 
357760.360,46.000,0.000,10.000, , , , 
358001.276,45.000,0.000,8.000, , , , 
358242.192,40.000,0.000,6.000, , , , 
358483.109,42.000,0.000,6.000, , , , 
358724.025,65.000,0.000,8.000, , , , 
358964.941,98.000,0.000,6.000, , , , 
359205.857,85.000,0.000,7.000, , , , 
359446.773,101.000,0.000,6.000, , , , 
359687.689,100.000,0.000,6.000, , , , 
359928.605,102.000,0.000,8.000, , , , 
360169.521,121.000,0.000,6.000, , , , 
360410.437,159.000,0.000,5.000, , , , 
360651.353,152.000,0.000,6.000, , , , 
360892.269,135.000,0.000,6.000, , , , 
361133.185,144.000,0.000,5.000, , , , 
361374.101,121.000,0.000,5.000, , , , 
361615.017,110.000,0.000,4.000, , , , 
361855.933,97.000,0.000,4.000, , , , 
362096.850,92.000,0.000,7.000, , , , 
362337.766,75.000,0.000,5.000, , , , 
362578.682,78.000,0.000,6.000, , , , 
362819.598,92.000,0.000,7.000, , , , 
363060.514,82.000,0.000,4.000, , , , 
363301.430,77.000,0.000,5.000, , , , 
363542.346,70.000,0.000,6.000, , , , 
363783.262,71.000,0.000,4.000, , , , 
364024.178,64.000,0.000,3.000, , , , 
364265.094,53.000,0.000,4.000, , , , 
364506.010,46.000,0.000,5.000, , , , 
364746.926,54.000,0.000,3.000, , , , 
364987.842,44.000,0.000,4.000, , , , 
365228.758,51.000,0.000,5.000, , , , 
365469.674,39.000,0.000,5.000, , , , 
365710.591,48.000,0.000,7.000, , , , 
365951.507,41.000,0.000,6.000, , , , 
366192.423,33.000,0.000,6.000, , , , 
366433.339,36.000,0.000,6.000, , , , 
366674.255,29.000,0.000,4.000, , , , 
366915.171,22.000,0.000,5.000, , , , 
367156.087,40.000,0.000,7.000, , , , 
367397.003,47.000,0.000,7.000, , , , 
367637.919,82.000,0.000,8.000, , , , 
367878.835,108.000,0.000,9.000, , , , 
368119.751,129.000,0.000,11.000, , , , 
368360.667,147.000,0.000,17.000, , , , 
368601.583,149.000,0.000,18.000, , , , 
368842.499,100.000,0.000,18.000, , , , 
369083.415,88.000,0.000,16.000, , , , 
369324.332,95.000,0.000,15.000, , , , 
369565.248,57.000,0.000,10.000, , , , 
369806.164,57.000,0.000,7.000, , , , 
370047.080,42.000,0.000,9.000, , , , 
370287.996,15.000,0.000,7.000, , , , 
370528.912,25.000,0.000,6.000, , , , 
370769.828,26.000,0.000,8.000, , , , 
371010.744,52.000,0.000,8.000, , , , 
371251.660,111.000,0.000,8.000, , , , 
371492.576,134.000,0.000,7.000, , , , 
371733.492,129.000,0.000,6.000, , , , 
371974.408,122.000,0.000,7.000, , , , 
372215.324,132.000,0.000,7.000, , , , 
372456.240,170.000,0.000,6.000, , , , 
372697.157,203.000,0.000,8.000, , , , 
372938.073,193.000,0.000,7.000, , , , 
373178.989,205.000,0.000,6.000, , , , 
373419.905,213.000,0.000,5.000, , , , 
373660.821,218.000,0.000,6.000, , , , 
373901.737,220.000,0.000,8.000, , , , 
374142.653,227.000,0.000,5.000, , , , 
374383.569,218.000,0.000,6.000, , , , 
374624.485,197.000,0.000,7.000, , , , 
374865.401,187.000,0.000,8.000, , , , 
375106.317,170.000,0.000,7.000, , , , 
375347.233,168.000,0.000,10.000, , , , 
375588.149,175.000,0.000,6.000, , , , 
375829.065,143.000,0.000,7.000, , , , 
376069.981,178.000,0.000,6.000, , , , 
376310.898,198.000,0.000,9.000, , , , 
376551.814,215.000,0.000,11.000, , , , 
376792.730,173.000,0.000,11.000, , , , 
377033.646,147.000,0.000,13.000, , , , 
377274.562,143.000,0.000,13.000, , , , 
377515.478,156.000,0.000,16.000, , , , 
377756.394,183.000,0.000,24.000, , , , 
377997.310,191.000,0.000,30.000, , , , 
378238.226,198.000,0.000,33.000, , , , 
378479.142,238.000,0.000,38.000, , , , 
378720.058,233.000,0.000,42.000, , , , 
378960.974,251.000,0.000,42.000, , , , 
379201.890,255.000,0.000,42.000, , , , 
379442.806,243.000,0.000,44.000, , , , 
379683.722,245.000,0.000,47.000, , , , 
379924.639,232.000,0.000,61.000, , , , 
380165.555,199.000,0.000,53.000, , , , 
380406.471,175.000,0.000,58.000, , , , 
380647.387,212.000,0.000,52.000, , , , 
380888.303,221.000,0.000,51.000, , , , 
381129.219,240.000,0.000,43.000, , , , 
381370.135,239.000,0.000,38.000, , , , 
381611.051,212.000,0.000,33.000, , , , 
381851.967,190.000,0.000,36.000, , , , 
382092.883,166.000,0.000,35.000, , , , 
382333.799,153.000,0.000,36.000, , , , 
382574.715,144.000,0.000,33.000, , , , 
382815.631,131.000,0.000,28.000, , , , 
383056.547,100.000,0.000,26.000, , , , 
383297.463,107.000,0.000,23.000, , , , 
383538.380,95.000,0.000,16.000, , , , 
383779.296,119.000,0.000,15.000, , , , 
384020.212,142.000,0.000,12.000, , , , 
384261.128,146.000,0.000,9.000, , , , 
384502.044,137.000,0.000,10.000, , , , 
384742.960,137.000,0.000,13.000, , , , 
384983.876,138.000,0.000,11.000, , , , 
385224.792,122.000,0.000,11.000, , , , 
385465.708,126.000,0.000,12.000, , , , 
385706.624,142.000,0.000,11.000, , , , 
385947.540,146.000,0.000,12.000, , , , 
386188.456,117.000,0.000,16.000, , , , 
386429.372,102.000,0.000,16.000, , , , 
386670.288,103.000,0.000,14.000, , , , 
386911.204,99.000,0.000,17.000, , , , 
387152.121,134.000,0.000,18.000, , , , 
387393.037,140.000,0.000,19.000, , , , 
387633.953,140.000,0.000,17.000, , , , 
387874.869,142.000,0.000,16.000, , , , 
388115.785,169.000,0.000,15.000, , , , 
388356.701,173.000,0.000,16.000, , , , 
388597.617,188.000,0.000,15.000, , , , 
388838.533,158.000,0.000,14.000, , , , 
389079.449,136.000,0.000,16.000, , , , 
389320.365,106.000,0.000,14.000, , , , 
389561.281,107.000,0.000,14.000, , , , 
389802.197,110.000,0.000,16.000, , , , 
390043.113,101.000,0.000,13.000, , , , 
390284.029,92.000,0.000,15.000, , , , 
390524.946,98.000,0.000,20.000, , , , 
390765.862,105.000,0.000,19.000, , , , 
391006.778,134.000,0.000,30.000, , , , 
391247.694,140.000,0.000,40.000, , , , 
391488.610,130.000,0.000,45.000, , , , 
391729.526,127.000,0.000,51.000, , , , 
391970.442,141.000,0.000,50.000, , , , 
392211.358,185.000,0.000,52.000, , , , 
392452.274,204.000,0.000,60.000, , , , 
392693.190,208.000,0.000,63.000, , , , 
392934.106,208.000,0.000,62.000, , , , 
393175.022,218.000,0.000,64.000, , , , 
393415.938,223.000,0.000,70.000, , , , 
393656.854,224.000,0.000,63.000, , , , 
393897.770,229.000,0.000,67.000, , , , 
394138.687,238.000,0.000,68.000, , , , 
394379.603,229.000,0.000,71.000, , , , 
394620.519,209.000,0.000,90.000, , , , 
394861.435,237.000,0.000,110.000, , , , 
395102.351,211.000,0.000,94.000, , , , 
395343.267,192.000,0.000,79.000, , , , 
395584.183,205.000,0.000,70.000, , , , 
395825.099,167.000,0.000,70.000, , , , 
396066.015,155.000,0.000,63.000, , , , 
396306.931,137.000,0.000,45.000, , , , 
396547.847,104.000,0.000,38.000, , , , 
396788.763,100.000,0.000,26.000, , , , 
397029.679,121.000,0.000,20.000, , , , 
397270.595,88.000,0.000,24.000, , , , 
397511.511,64.000,0.000,20.000, , , , 
397752.428,48.000,0.000,14.000, , , , 
397993.344,35.000,0.000,13.000, , , , 
398234.260,15.000,0.000,16.000, , , , 
398475.176,11.000,0.000,12.000, , , , 
398716.092,17.000,0.000,11.000, , , , 
398957.008,10.000,0.000,9.000, , , , 
399197.924,10.000,0.000,11.000, , , , 
399438.840,6.000,0.000,12.000, , , , 
399679.756,8.000,0.000,12.000, , , , 
399920.672,4.000,0.000,11.000, , , , 
400161.588,2.000,0.000,10.000, , , , 
400402.504,1.000,0.000,10.000, , , , 
400643.420,1.000,0.000,9.000, , , , 
400884.336,3.000,0.000,8.000, , , , 
401125.252,3.000,0.000,10.000, , , , 
401366.169,3.000,0.000,10.000, , , , 
401607.085,0.000,0.000,9.000, , , , 
401848.001,3.000,0.000,11.000, , , , 
402088.917,5.000,0.000,13.000, , , , 
402329.833,7.000,0.000,12.000, , , , 
402570.749,14.000,0.000,12.000, , , , 
402811.665,29.000,0.000,12.000, , , , 
403052.581,43.000,0.000,16.000, , , , 
403293.497,82.000,0.000,23.000, , , , 
403534.413,101.000,0.000,23.000, , , , 
403775.329,90.000,0.000,19.000, , , , 
404016.245,103.000,0.000,24.000, , , , 
404257.161,105.000,0.000,29.000, , , , 
404498.077,94.000,0.000,34.000, , , , 
404738.993,103.000,0.000,34.000, , , , 
404979.910,117.000,0.000,37.000, , , , 
405220.826,133.000,0.000,45.000, , , , 
405461.742,140.000,0.000,42.000, , , , 
405702.658,165.000,0.000,43.000, , , , 
405943.574,159.000,0.000,50.000, , , , 
406184.490,169.000,0.000,50.000, , , , 
406425.406,167.000,0.000,53.000, , , , 
406666.322,155.000,0.000,54.000, , , , 
406907.238,165.000,0.000,51.000, , , , 
407148.154,156.000,0.000,52.000, , , , 
407389.070,156.000,0.000,52.000, , , , 
407629.986,175.000,0.000,54.000, , , , 
407870.902,185.000,0.000,48.000, , , , 
408111.818,202.000,0.000,50.000, , , , 
408352.735,183.000,0.000,41.000, , , , 
408593.651,214.000,0.000,40.000, , , , 
408834.567,188.000,0.000,34.000, , , , 
409075.483,190.000,0.000,35.000, , , , 
409316.399,212.000,0.000,30.000, , , , 
409557.315,213.000,0.000,27.000, , , , 
409798.231,207.000,0.000,26.000, , , , 
410039.147,191.000,0.000,25.000, , , , 
410280.063,138.000,0.000,21.000, , , , 
410520.979,99.000,0.000,19.000, , , , 
410761.895,86.000,0.000,21.000, , , , 
411002.811,105.000,0.000,20.000, , , , 
411243.727,122.000,0.000,18.000, , , , 
411484.643,117.000,0.000,22.000, , , , 
411725.559,126.000,0.000,20.000, , , , 
411966.476,141.000,0.000,27.000, , , , 
412207.392,148.000,0.000,24.000, , , , 
412448.308,165.000,0.000,19.000, , , , 
412689.224,193.000,0.000,20.000, , , , 
412930.140,185.000,0.000,20.000, , , , 
413171.056,171.000,0.000,20.000, , , , 
413411.972,179.000,0.000,24.000, , , , 
413652.888,195.000,0.000,25.000, , , , 
413893.804,187.000,0.000,24.000, , , , 
414134.720,189.000,0.000,22.000, , , , 
414375.636,167.000,0.000,24.000, , , , 
414616.552,160.000,0.000,21.000, , , , 
414857.468,157.000,0.000,19.000, , , , 
415098.384,167.000,0.000,19.000, , , , 
415339.300,173.000,0.000,19.000, , , , 
415580.217,143.000,0.000,18.000, , , , 
415821.133,131.000,0.000,19.000, , , , 
416062.049,126.000,0.000,18.000, , , , 
416302.965,107.000,0.000,18.000, , , , 
416543.881,125.000,0.000,19.000, , , , 
416784.797,117.000,0.000,17.000, , , , 
417025.713,111.000,0.000,17.000, , , , 
417266.629,101.000,0.000,25.000, , , , 
417507.545,115.000,0.000,25.000, , , , 
417748.461,109.000,0.000,30.000, , , , 
417989.377,144.000,0.000,30.000, , , , 
418230.293,122.000,0.000,37.000, , , , 
418471.209,107.000,0.000,34.000, , , , 
418712.125,115.000,0.000,36.000, , , , 
418953.041,118.000,0.000,40.000, , , , 
419193.958,152.000,0.000,45.000, , , , 
419434.874,193.000,0.000,61.000, , , , 
419675.790,207.000,0.000,72.000, , , , 
419916.706,211.000,0.000,76.000, , , , 
420157.622,219.000,0.000,73.000, , , , 
420398.538,187.000,0.000,85.000, , , , 
420639.454,226.000,0.000,83.000, , , , 
420880.370,227.000,0.000,77.000, , , , 
421121.286,232.000,0.000,91.000, , , , 
421362.202,189.000,0.000,84.000, , , , 
421603.118,179.000,0.000,81.000, , , , 
421844.034,154.000,0.000,69.000, , , , 
422084.950,109.000,0.000,67.000, , , , 
422325.866,79.000,0.000,60.000, , , , 
422566.782,63.000,0.000,60.000, , , , 
422807.699,40.000,0.000,53.000, , , , 
423048.615,29.000,0.000,48.000, , , , 
423289.531,33.000,0.000,44.000, , , , 
423530.447,19.000,0.000,39.000, , , , 
423771.363,24.000,0.000,35.000, , , , 
424012.279,23.000,0.000,34.000, , , , 
424253.195,15.000,0.000,30.000, , , , 
424494.111,21.000,0.000,23.000, , , , 
424735.027,31.000,0.000,26.000, , , , 
424975.943,27.000,0.000,32.000, , , , 
425216.859,29.000,0.000,30.000, , , , 
425457.775,32.000,0.000,31.000, , , , 
425698.691,37.000,0.000,35.000, , , , 
425939.607,34.000,0.000,39.000, , , , 
426180.524,37.000,0.000,36.000, , , , 
426421.440,52.000,0.000,35.000, , , , 
426662.356,56.000,0.000,40.000, , , , 
426903.272,77.000,0.000,47.000, , , , 
427144.188,110.000,0.000,53.000, , , , 
427385.104,115.000,0.000,52.000, , , , 
427626.020,149.000,0.000,58.000, , , , 
427866.936,190.000,0.000,64.000, , , , 
428107.852,230.000,0.000,67.000, , , , 
428348.768,227.000,0.000,79.000, , , , 
428589.684,204.000,0.000,78.000, , , , 
428830.600,177.000,0.000,81.000, , , , 
429071.516,152.000,0.000,90.000, , , , 
429312.432,118.000,0.000,84.000, , , , 
429553.348,84.000,0.000,81.000, , , , 
429794.265,70.000,0.000,69.000, , , , 
430035.181,64.000,0.000,64.000, , , , 
430276.097,66.000,0.000,66.000, , , , 
430517.013,69.000,0.000,60.000, , , , 
430757.929,121.000,0.000,86.000, , , , 
430998.845,178.000,0.000,88.000, , , , 
431239.761,204.000,0.000,101.000, , , , 
431480.677,247.000,0.000,126.000, , , , 
431721.593,254.000,0.000,137.000, , , , 
431962.509,255.000,0.000,130.000, , , , 
432203.425,255.000,0.000,132.000, , , , 
432444.341,255.000,0.000,125.000, , , , 
432685.257,255.000,0.000,119.000, , , , 
432926.173,255.000,0.000,111.000, , , , 
433167.089,255.000,0.000,103.000, , , , 
433408.006,254.000,0.000,96.000, , , , 
433648.922,253.000,0.000,96.000, , , , 
433889.838,249.000,0.000,86.000, , , , 
434130.754,230.000,0.000,86.000, , , , 
434371.670,182.000,0.000,75.000, , , , 
434612.586,133.000,0.000,73.000, , , , 
434853.502,75.000,0.000,60.000, , , , 
435094.418,65.000,0.000,47.000, , , , 
435335.334,94.000,0.000,43.000, , , , 
435576.250,132.000,0.000,41.000, , , , 
435817.166,151.000,0.000,37.000, , , , 
436058.082,167.000,0.000,32.000, , , , 
436298.998,127.000,0.000,42.000, , , , 
436539.914,106.000,0.000,37.000, , , , 
436780.830,102.000,0.000,37.000, , , , 
437021.747,64.000,0.000,32.000, , , , 
437262.663,59.000,0.000,30.000, , , , 
437503.579,53.000,0.000,33.000, , , , 
437744.495,63.000,0.000,31.000, , , , 
437985.411,61.000,0.000,31.000, , , , 
438226.327,54.000,0.000,36.000, , , , 
438467.243,55.000,0.000,32.000, , , , 
438708.159,51.000,0.000,30.000, , , , 
438949.075,57.000,0.000,37.000, , , , 
439189.991,60.000,0.000,37.000, , , , 
439430.907,61.000,0.000,39.000, , , , 
439671.823,78.000,0.000,39.000, , , , 
439912.739,69.000,0.000,39.000, , , , 
440153.655,74.000,0.000,41.000, , , , 
440394.571,98.000,0.000,40.000, , , , 
440635.488,107.000,0.000,43.000, , , , 
440876.404,102.000,0.000,38.000, , , , 
441117.320,120.000,0.000,48.000, , , , 
441358.236,125.000,0.000,47.000, , , , 
441599.152,115.000,0.000,42.000, , , , 
441840.068,83.000,0.000,47.000, , , , 
442080.984,51.000,0.000,44.000, , , , 
442321.900,32.000,0.000,54.000, , , , 
442562.816,27.000,0.000,55.000, , , , 
442803.732,48.000,0.000,59.000, , , , 
443044.648,52.000,0.000,59.000, , , , 
443285.564,82.000,0.000,61.000, , , , 
443526.480,109.000,0.000,62.000, , , , 
443767.396,117.000,0.000,64.000, , , , 
444008.313,133.000,0.000,69.000, , , , 
444249.229,166.000,0.000,68.000, , , , 
444490.145,176.000,0.000,75.000, , , , 
444731.061,170.000,0.000,74.000, , , , 
444971.977,135.000,0.000,76.000, , , , 
445212.893,141.000,0.000,77.000, , , , 
445453.809,138.000,0.000,71.000, , , , 
445694.725,132.000,0.000,80.000, , , , 
445935.641,120.000,0.000,76.000, , , , 
446176.557,124.000,0.000,72.000, , , , 
446417.473,130.000,0.000,62.000, , , , 
446658.389,114.000,0.000,70.000, , , , 
446899.305,102.000,0.000,61.000, , , , 
447140.221,71.000,0.000,59.000, , , , 
447381.137,70.000,0.000,56.000, , , , 
447622.054,52.000,0.000,62.000, , , , 
447862.970,35.000,0.000,62.000, , , , 
448103.886,21.000,0.000,65.000, , , , 
448344.802,25.000,0.000,66.000, , , , 
448585.718,32.000,0.000,72.000, , , , 
448826.634,23.000,0.000,74.000, , , , 
449067.550,33.000,0.000,81.000, , , , 
449308.466,44.000,0.000,87.000, , , , 
449549.382,52.000,0.000,99.000, , , , 
449790.298,74.000,0.000,106.000, , , , 
450031.214,73.000,0.000,125.000, , , , 
450272.130,87.000,0.000,129.000, , , , 
450513.046,115.000,0.000,129.000, , , , 
450753.962,153.000,0.000,140.000, , , , 
450994.878,190.000,0.000,150.000, , , , 
451235.795,237.000,0.000,167.000, , , , 
451476.711,249.000,0.000,182.000, , , , 
451717.627,237.000,0.000,197.000, , , , 
451958.543,248.000,0.000,225.000, , , , 
452199.459,255.000,0.000,227.000, , , , 
452440.375,254.000,0.000,241.000, , , , 
452681.291,251.000,0.000,254.000, , , , 
452922.207,251.000,0.000,255.000, , , , 
453163.123,250.000,0.000,255.000, , , , 
453404.039,235.000,0.000,255.000, , , , 
453644.955,243.000,0.000,255.000, , , , 
453885.871,244.000,0.000,254.000, , , , 
454126.787,230.000,0.000,248.000, , , , 
454367.703,230.000,0.000,232.000, , , , 
454608.619,243.000,0.000,195.000, , , , 
454849.536,239.000,0.000,172.000, , , , 
455090.452,228.000,0.000,155.000, , , , 
455331.368,235.000,0.000,140.000, , , , 
455572.284,188.000,0.000,124.000, , , , 
455813.200,137.000,0.000,105.000, , , , 
456054.116,73.000,0.000,73.000, , , , 
456295.032,23.000,0.000,66.000, , , , 
456535.948,6.000,0.000,53.000, , , , 
456776.864,3.000,0.000,44.000, , , , 
457017.780,1.000,0.000,37.000, , , , 
457258.696,1.000,0.000,27.000, , , , 
457499.612,0.000,0.000,25.000, , , , 
457740.528,0.000,0.000,19.000, , , , 
457981.444,2.000,0.000,24.000, , , , 
458222.360,4.000,0.000,23.000, , , , 
458463.277,1.000,0.000,19.000, , , , 
458704.193,5.000,0.000,21.000, , , , 
458945.109,5.000,0.000,19.000, , , , 
459186.025,6.000,0.000,14.000, , , , 
459426.941,2.000,0.000,16.000, , , , 
459667.857,3.000,0.000,18.000, , , , 
459908.773,4.000,0.000,17.000, , , , 
460149.689,2.000,0.000,13.000, , , , 
460390.605,2.000,0.000,12.000, , , , 
460631.521,2.000,0.000,12.000, , , , 
460872.437,1.000,0.000,13.000, , , , 
461113.353,2.000,0.000,15.000, , , , 
461354.269,8.000,0.000,15.000, , , , 
461595.185,6.000,0.000,11.000, , , , 
461836.101,12.000,0.000,13.000, , , , 
462077.018,16.000,0.000,13.000, , , , 
462317.934,5.000,0.000,10.000, , , , 
462558.850,5.000,0.000,13.000, , , , 
462799.766,3.000,0.000,11.000, , , , 
463040.682,1.000,0.000,9.000, , , , 
463281.598,1.000,0.000,5.000, , , , 
463522.514,0.000,0.000,7.000, , , , 
463763.430,2.000,0.000,5.000, , , , 
464004.346,2.000,0.000,4.000, , , , 
464245.262,1.000,0.000,5.000, , , , 
464486.178,1.000,0.000,4.000, , , , 
464727.094,1.000,0.000,5.000, , , , 
464968.010,3.000,0.000,4.000, , , , 
465208.926,0.000,0.000,3.000, , , , 
465449.843,2.000,0.000,3.000, , , , 
465690.759,2.000,0.000,2.000, , , , 
465931.675,1.000,0.000,4.000, , , , 
466172.591,0.000,0.000,3.000, , , , 
466413.507,2.000,0.000,1.000, , , , 
466654.423,3.000,0.000,1.000, , , , 
466895.339,1.000,0.000,2.000, , , , 
467136.255,0.000,0.000,1.000, , , , 
467377.171,0.000,0.000,0.000, , , , 
467618.087,3.000,0.000,1.000, , , , 
467859.003,2.000,0.000,2.000, , , , 
468099.919,2.000,0.000,3.000, , , , 
468340.835,1.000,0.000,3.000, , , , 
468581.751,1.000,0.000,1.000, , , , 
468822.667,2.000,0.000,2.000, , , , 
469063.584,1.000,0.000,2.000, , , , 
469304.500,0.000,0.000,1.000, , , , 
469545.416,1.000,0.000,1.000, , , , 
469786.332,1.000,0.000,2.000, , , , 
470027.248,0.000,0.000,2.000, , , , 
470268.164,1.000,0.000,1.000, , , , 
470509.080,1.000,0.000,2.000, , , , 
470749.996,1.000,0.000,0.000, , , , 
470990.912,1.000,0.000,1.000, , , , 
471231.828,2.000,0.000,1.000, , , , 
471472.744,1.000,0.000,1.000, , , , 
471713.660,4.000,0.000,0.000, , , , 
471954.576,0.000,0.000,1.000, , , , 
472195.492,1.000,0.000,1.000, , , , 
472436.408,1.000,0.000,0.000, , , , 
472677.325,4.000,0.000,1.000, , , , 
472918.241,1.000,0.000,1.000, , , , 
473159.157,1.000,0.000,1.000, , , , 
473400.073,3.000,0.000,1.000, , , , 
473640.989,1.000,0.000,0.000, , , , 
473881.905,2.000,0.000,1.000, , , , 
474122.821,5.000,0.000,1.000, , , , 
474363.737,1.000,0.000,1.000, , , , 
474604.653,0.000,0.000,1.000, , , , 
474845.569,0.000,0.000,0.000, , , , 
475086.485,1.000,0.000,0.000, , , , 
475327.401,1.000,0.000,0.000, , , , 
475568.317,1.000,0.000,1.000, , , , 
475809.233,2.000,0.000,0.000, , , , 
476050.149,5.000,0.000,0.000, , , , 
476291.066,3.000,0.000,1.000, , , , 
476531.982,1.000,0.000,0.000, , , , 
476772.898,3.000,0.000,1.000, , , , 
477013.814,1.000,0.000,1.000, , , , 
477254.730,0.000,0.000,1.000, , , , 
477495.646,1.000,0.000,1.000, , , , 
477736.562,1.000,0.000,0.000, , , , 
477977.478,0.000,0.000,1.000, , , , 
478218.394,1.000,0.000,0.000, , , , 
478459.310,0.000,0.000,0.000, , , , 
478700.226,1.000,0.000,0.000, , , , 
478941.142,0.000,0.000,1.000, , , , 
479182.058,3.000,0.000,0.000, , , , 
479422.974,1.000,0.000,1.000, , , , 
479663.890,1.000,0.000,0.000, , , , 
479904.807,4.000,0.000,0.000, , , , 
480145.723,1.000,0.000,0.000, , , , 
480386.639,1.000,0.000,1.000, , , , 
480627.555,4.000,0.000,0.000, , , , 
480868.471,1.000,0.000,0.000, , , , 
481109.387,1.000,0.000,1.000, , , , 
481350.303,1.000,0.000,0.000, , , , 
481591.219,0.000,0.000,1.000, , , , 
